,id,url,primaryTitle,originalTitle,type,description,primaryImage,trailer,contentRating,startYear,endYear,releaseDate,interests,countriesOfOrigin,externalLinks,spokenLanguages,filmingLocations,productionCompanies,budget,grossWorldwide,genres,isAdult,runtimeMinutes,averageRating,numVotes,metascore
0,tt1213644,https://www.imdb.com/title/tt1213644/,Disaster Movie,Disaster Movie,movie,"Over the course of one evening, an unsuspecting group of twenty-somethings find themselves bombarded by a series of natural disasters and catastrophic events.",https://m.media-amazon.com/images/M/MV5BMTIzMDQyNDgwNl5BMl5BanBnXkFtZTcwMDA0MTc3MQ@@._V1_.jpg,https://www.youtube.com/watch?v=tihG_2BSUqg,PG-13,2008,,2008-08-29,"['Disaster', 'Parody', 'Raunchy Comedy', 'Superhero', 'Comedy', 'Sci-Fi']",['US'],,['en'],"['Albuquerque, New Mexico, USA']","[{'id': 'co0006881', 'name': 'Lionsgate'}, {'id': 'co0209305', 'name': 'Grosvenor Park Media'}, {'id': 'co0261040', 'name': '3 in the Box'}]",20000000.0,34816824.0,"['Comedy', 'Sci-Fi']",False,87,1.9,96271,15.0
1,tt0060666,https://www.imdb.com/title/tt0060666/,Manos: The Hands of Fate,Manos: The Hands of Fate,movie,"A family gets lost on the road and stumbles upon a hidden, underground, devil-worshiping cult led by the fearsome Master and his servant Torgo.",https://m.media-amazon.com/images/M/MV5BNTA3NzY4NDUtZTg1Mi00ZjE2LTg2ZWQtNTNkNzc4ODM1NjIxXkEyXkFqcGc@._V1_.jpg,https://www.youtube.com/watch?v=sF03ZFt8t8w,Not Rated,1966,,1966-11-15,"['B-Horror', 'Folk Horror', 'Supernatural Horror', 'Horror']",['US'],,['en'],"['2310 Scenic Dr., El Paso, Texas, USA']","[{'id': 'co0210744', 'name': 'Sun City Films'}, {'id': 'co0210757', 'name': 'Norm-Iris'}]",19000.0,,['Horror'],False,70,1.7,38068,
2,tt1316037,https://www.imdb.com/title/tt1316037/,Birdemic: Shock and Terror,Birdemic: Shock and Terror,movie,"A horde of mutated birds descends upon the quiet town of Half Moon Bay, California. As the death toll rises, two citizens manage to fight back, but will they survive Birdemic?",https://m.media-amazon.com/images/M/MV5BOTcxODAwMDYwNV5BMl5BanBnXkFtZTcwNzQ3MjQzMg@@._V1_.jpg,https://www.youtube.com/watch?v=jE5dJDgZ644,Not Rated,2010,,2010-02-27,"['B-Horror', 'Horror', 'Thriller']",['US'],['http://www.BIRDEMIC.com/'],['en'],"[""Cameron's Restaurant and Inn - 1410 Cabrillo Highway South, Half Moon Bay, California, USA""]","[{'id': 'co0035058', 'name': 'Expedition Films'}, {'id': 'co0119376', 'name': 'Moviehead Pictures'}]",10000.0,,"['Horror', 'Thriller']",False,105,1.7,26229,
3,tt0270846,https://www.imdb.com/title/tt0270846/,Superbabies: Baby Geniuses 2,Superbabies: Baby Geniuses 2,movie,A group of smart-talking toddlers find themselves at the center of a media mogul's experiment to crack the code to baby talk. The toddlers must race against time for the sake of babies everywhere.,https://m.media-amazon.com/images/M/MV5BNjY4NjM3MjQ2OF5BMl5BanBnXkFtZTcwOTc3NzYyMQ@@._V1_.jpg,https://www.youtube.com/watch?v=hyJuSjpoMfg,PG,2004,,2004-08-27,"['Comedy', 'Family', 'Sci-Fi']","['DE', 'GB', 'US', 'CA']",['http://www.sonypictures.com/movies/superbabiesbabygeniuses2/index.html'],['en'],"['Vancouver, British Columbia, Canada']","[{'id': 'co0063447', 'name': 'ApolloMedia Distribution'}, {'id': 'co0002667', 'name': 'Crystal Sky Worldwide'}, {'id': 'co0104236', 'name': 'Hador BG2 Productions Ltd.'}]",20000000.0,9448644.0,"['Comedy', 'Family', 'Sci-Fi']",False,88,1.5,31980,9.0
4,tt4009460,https://www.imdb.com/title/tt4009460/,Kirk Cameron's Saving Christmas,Saving Christmas,movie,"His annual Christmas party faltering thanks to his cynical brother-in-law, former Growing Pains star Kirk Cameron attempts to save the day by showing him that Jesus Christ remains a crucial component of the over-commercialized holiday..",https://m.media-amazon.com/images/M/MV5BMTc3MTc3Njc5MV5BMl5BanBnXkFtZTgwNzU3NDE4MjE@._V1_.jpg,https://www.youtube.com/watch?v=z5-yA66kaVc,PG,2014,,2014-11-14,"['Comedy', 'Family', 'Holiday']",['US'],['http://savingchristmas.com/'],['en'],"['Los Angeles, California, USA']","[{'id': 'co0438574', 'name': 'Camfam Studios'}, {'id': 'co0252353', 'name': 'Liberty University'}, {'id': 'co0248927', 'name': 'Provident Films'}]",500000.0,2783970.0,"['Comedy', 'Family']",False,79,1.3,17118,18.0
5,tt0804492,https://www.imdb.com/title/tt0804492/,The Hottie & the Nottie,The Hottie & the Nottie,movie,A woman agrees to go on a date with a man only if he finds a suitor for her unattractive best friend.,https://m.media-amazon.com/images/M/MV5BMTA2NDc1ODUxNDZeQTJeQWpwZ15BbWU3MDQ1MjM1NTE@._V1_.jpg,https://www.youtube.com/watch?v=BH-P8J8tDTE,PG-13,2008,,2008-02-21,"['Comedy', 'Romance']",['US'],"['https://www.okey.gen.tr', 'https://prefabrikhazirev.com']",['en'],"['California, USA']","[{'id': 'co0147949', 'name': 'Purple Pictures'}, {'id': 'co0538130', 'name': 'Adrenalina Films'}, {'id': 'co0538131', 'name': 'Nevinny / Ramer Productions'}]",,1596232.0,"['Comedy', 'Romance']",False,91,2.0,39422,7.0
6,tt0317676,https://www.imdb.com/title/tt0317676/,House of the Dead,House of the Dead,movie,"A group of college students travels to a mysterious island to attend a rave, which is soon taken over by bloodthirsty zombies.",https://m.media-amazon.com/images/M/MV5BNTE0MGQ0YjQtZTVmYy00OGY4LTg0NTQtMDgwYzNjODMzMzA1XkEyXkFqcGc@._V1_.jpg,https://www.youtube.com/watch?v=htx3igt0ksk,R,2003,,2003-10-10,"['Zombie Horror', 'Action', 'Adventure', 'Horror']","['DE', 'CA', 'US']",['https://mt2.org/uyeler/house-of-the-dead.15098/'],['en'],"['British Columbia, Canada']","[{'id': 'co0021154', 'name': 'Boll Kino Beteiligungs GmbH & Co. KG'}, {'id': 'co0062103', 'name': 'Mindfire Entertainment'}, {'id': 'co0065717', 'name': 'Brightlight Pictures'}]",12000000.0,13818181.0,"['Action', 'Adventure', 'Horror']",False,90,2.1,39251,15.0
7,tt0362165,https://www.imdb.com/title/tt0362165/,Son of the Mask,Son of the Mask,movie,"Tim Avery, an aspiring cartoonist, finds himself in a predicament when his dog stumbles upon the mask of Loki. Then after conceiving an infant son ""born of the mask"", he discovers just how looney child raising can be.",https://m.media-amazon.com/images/M/MV5BMTIxNzA5NzIzOV5BMl5BanBnXkFtZTcwOTc5NzcyMQ@@._V1_.jpg,https://www.youtube.com/watch?v=FKwtGHbpVDU,PG,2005,,2005-02-18,"['Slapstick', 'Comedy', 'Family', 'Fantasy']","['US', 'DE', 'AU', 'FR', 'PK']",,['en'],"['Burwood, Sydney, New South Wales, Australia']","[{'id': 'co0046718', 'name': 'New Line Cinema'}, {'id': 'co0023815', 'name': 'Radar Pictures'}, {'id': 'co0020061', 'name': 'Dark Horse Entertainment'}]",84000000.0,59981548.0,"['Comedy', 'Family', 'Fantasy']",False,94,2.3,60846,20.0
8,tt10888594,https://www.imdb.com/title/tt10888594/,Radhe,Radhe,movie,"An honest cop is determined to bring down a corrupt drug mafia, who targets youth to drive towards drug addiction.",https://m.media-amazon.com/images/M/MV5BNTI2M2M1OGEtY2E0ZC00ZDVmLTgyMGQtYzc0M2E5MGIwZDdhXkEyXkFqcGc@._V1_.jpg,https://www.youtube.com/watch?v=n5MVzhwupBY,TV-MA,2021,,2021-05-13,"['Action', 'Thriller']",['IN'],"['https://www.facebook.com/Filmydo', 'https://www.instagram.com/vikramadityablog/']",['hi'],,"[{'id': 'co0142553', 'name': 'Sohail Khan Production'}, {'id': 'co0218103', 'name': 'Reel Life Production'}, {'id': 'co0541353', 'name': 'Salman Khan Films'}]",,1900312.0,"['Action', 'Thriller']",False,109,1.8,180575,
9,tt0799949,https://www.imdb.com/title/tt0799949/,Epic Movie,Epic Movie,movie,"A spoof on previous years' epic movies (The Da Vinci Code (2006), The Chronicles of Narnia: The Lion, the Witch and the Wardrobe (2005) + 20 more), TV series, music videos and celebs. 4 orphans are on an epic adventure.",https://m.media-amazon.com/images/M/MV5BMTA3NDM5ODU3NzleQTJeQWpwZ15BbWU3MDgyMjgyNDE@._V1_.jpg,https://www.youtube.com/watch?v=1ltiqNTYZbA,PG-13,2007,,2007-01-26,"['Adventure Epic', 'Parody', 'Slapstick', 'Adventure', 'Comedy', 'Fantasy']",['US'],,['en'],"['Los Angeles, California, USA']","[{'id': 'co0007127', 'name': 'New Regency Productions'}, {'id': 'co0007127', 'name': 'New Regency Productions'}, {'id': 'co0166723', 'name': 'Paul Schiff Productions'}]",20000000.0,87238158.0,"['Adventure', 'Comedy', 'Fantasy']",False,86,2.4,111361,17.0
10,tt0417056,https://www.imdb.com/title/tt0417056/,Pledge This!,Pledge This!,movie,"At South Beach University, a beautiful sorority president takes in a group of unconventional freshman girls seeking acceptance into her house.",https://m.media-amazon.com/images/M/MV5BMTFkNzQwNWUtYmYwMy00YzQ4LThiZGEtODI3NTk1MzUxOTM2XkEyXkFqcGc@._V1_.jpg,https://www.youtube.com/watch?v=J5non3F9E6c,R,2006,,2007-02-08,['Comedy'],"['US', 'MX']",,['en'],"['Miami, Florida, USA']","[{'id': 'co0153527', 'name': 'Pledge This Holdings'}, {'id': 'co0102282', 'name': 'National Lampoon'}, {'id': 'co0172788', 'name': 'Paris Hilton Entertainment'}]",8300000.0,1751490.0,['Comedy'],False,91,1.7,19078,
11,tt0185183,https://www.imdb.com/title/tt0185183/,Battlefield Earth,Battlefield Earth,movie,"It's the year 3000 A.D., and the Earth is lost to the alien race of Psychlos. Humanity is enslaved by these gold-thirsty tyrants, who are unaware that their 'man-animals' are about to ignite the rebellion of a lifetime.",https://m.media-amazon.com/images/M/MV5BODJiODc1NjQtZmRhZS00ZTlmLTlmNTItMmZiZjcxMmU4ZDI2XkEyXkFqcGc@._V1_.jpg,https://www.youtube.com/watch?v=7VbfuehRjpw,PG-13,2000,,2000-05-12,"['Action', 'Adventure', 'Sci-Fi']","['US', 'CA']","['http://www.battlefieldearth.com/', 'http://www.battlefieldearth.net/']",['en'],"['Saint-David-de-Falardeau, Québec, Canada']","[{'id': 'co0033472', 'name': 'Morgan Creek Entertainment'}, {'id': 'co0043393', 'name': 'Franchise Pictures'}, {'id': 'co0073902', 'name': 'JTP Films'}]",73000000.0,29725663.0,"['Action', 'Adventure', 'Sci-Fi']",False,117,2.5,84481,9.0
12,tt0369226,https://www.imdb.com/title/tt0369226/,Alone in the Dark,Alone in the Dark,movie,A detective of the paranormal slowly unravels mysterious events with deadly results.,https://m.media-amazon.com/images/M/MV5BMTIxNDI5ODY2MF5BMl5BanBnXkFtZTcwNzQ1NzcyMQ@@._V1_.jpg,https://www.youtube.com/watch?v=P-Gc5bgZ2B8,R,2005,,2005-01-28,"['Action', 'Horror', 'Sci-Fi']","['CA', 'DE', 'US']",['https://www.okeyoyna.com'],['en'],"['Halifax, Nova Scotia, Canada']","[{'id': 'co0021154', 'name': 'Boll Kino Beteiligungs GmbH & Co. KG'}, {'id': 'co0137814', 'name': 'Herold Productions'}, {'id': 'co0065717', 'name': 'Brightlight Pictures'}]",20000000.0,12693645.0,"['Action', 'Horror', 'Sci-Fi']",False,96,2.4,47741,9.0
13,tt1098327,https://www.imdb.com/title/tt1098327/,Dragonball Evolution,Dragonball Evolution,movie,"The young warrior Son Goku sets out on a quest, racing against time and the vengeful King Piccolo, to collect a set of seven magical orbs that will grant their wielder unlimited power.",https://m.media-amazon.com/images/M/MV5BZTg0ZGM3NmItNmU4ZC00YWIxLWI0Y2UtMzNmYjE4MjIwM2QxXkEyXkFqcGc@._V1_.jpg,https://www.youtube.com/watch?v=T4_wHfz2qUA,PG,2009,,2009-04-10,"['Martial Arts', 'Superhero', 'Action', 'Adventure', 'Fantasy', 'Sci-Fi', 'Thriller']","['US', 'GB', 'MX', 'HK']",,"['en', 'ja']","['Sierra de Organos, Sombrerete, Zacatecas, Mexico']","[{'id': 'co0000756', 'name': 'Twentieth Century Fox'}, {'id': 'co0174373', 'name': 'Dune Entertainment'}, {'id': 'co0302241', 'name': 'Star Overseas'}]",30000000.0,55720772.0,"['Action', 'Adventure', 'Fantasy']",False,85,2.5,82743,45.0
14,tt0249516,https://www.imdb.com/title/tt0249516/,Foodfight!,Foodfight!,movie,The evil Brand X joins a supermarket that becomes a city after closing time.,https://m.media-amazon.com/images/M/MV5BMTYwMDY1MDI0NV5BMl5BanBnXkFtZTgwODAyODk3NzE@._V1_.jpg,https://www.youtube.com/watch?v=uROQ9nplxIY,PG,2012,,2013-02-12,"['Computer Animation', 'High-Concept Comedy', 'Action', 'Adventure', 'Animation', 'Comedy', 'Crime', 'Family', 'Fantasy', 'Mystery']","['US', 'KR', 'GB', 'HK']",,['en'],,"[{'id': 'co0280649', 'name': 'Threshold Animation Studios'}, {'id': 'co0070928', 'name': 'Threshold Entertainment'}, {'id': 'co0037920', 'name': 'Threshold Digital Research Labs'}]",65000000.0,120141.0,"['Action', 'Adventure', 'Animation']",False,91,1.3,12332,
15,tt7431594,https://www.imdb.com/title/tt7431594/,Race 3,Race 3,movie,Relationships and loyalties of a criminal family planning its next big heist are tested when some shocking revelations strike them.,https://m.media-amazon.com/images/M/MV5BYzE1ZWRlMzAtYTcxMi00M2ZjLTk5ZTItMWYzZGI0NjE3NDlhXkEyXkFqcGc@._V1_.jpg,,Not Rated,2018,,2018-06-15,"['Action', 'Thriller']",['IN'],,['hi'],"['Abu Dhabi, UAE']","[{'id': 'co0541353', 'name': 'Salman Khan Films'}, {'id': 'co0025288', 'name': 'Tips Films Pvt. Ltd.'}, {'id': 'co0123351', 'name': 'Benetone Films'}]",,29969693.0,"['Action', 'Thriller']",False,160,1.9,49474,
16,tt0096870,https://www.imdb.com/title/tt0096870/,Going Overboard,Going Overboard,movie,A struggling young comedian takes a menial job on a cruise ship hoping for his big chance to make it in the world of cruise-ship comedy.,https://m.media-amazon.com/images/M/MV5BMTc5NDQzNTI5Nl5BMl5BanBnXkFtZTcwMDgxMTgzMQ@@._V1_.jpg,https://www.youtube.com/watch?v=MKNZqnJ0hzU,R,1989,,1989-10-27,"['Parody', 'Slapstick', 'Comedy']",['US'],,['en'],"['Cancún, Benito Juárez, Quintana Roo, Mexico']","[{'id': 'co0702077', 'name': 'Theater Technologies'}, {'id': 'co0847961', 'name': 'L.A. Dreams Productions'}]",800000.0,,['Comedy'],False,99,1.8,14922,
17,tt0339034,https://www.imdb.com/title/tt0339034/,From Justin to Kelly,From Justin to Kelly,movie,"A waitress from Texas and a college student from Pennsylvania meet during spring break in Fort Lauderdale, Florida and come together through their shared love of singing.",https://m.media-amazon.com/images/M/MV5BOTUzM2FhYjYtNzZiMi00ZDNhLWFkYzItNTBjZGQ0ODZiZDNkXkEyXkFqcGc@._V1_.jpg,https://www.youtube.com/watch?v=YZriuov42Gw,PG,2003,,2003-06-20,"['Pop Musical', 'Romantic Comedy', 'Comedy', 'Music', 'Musical', 'Romance']",['US'],,['en'],"['Fort Lauderdale, Florida, USA']","[{'id': 'co0085773', 'name': '19 Entertainment'}]",12000000.0,4928883.0,"['Comedy', 'Music', 'Musical']",False,81,1.9,27188,14.0
18,tt0808240,https://www.imdb.com/title/tt0808240/,Turks in Space,Dünyayi Kurtaran Adam'in Oglu,movie,"The son of ""The Man Who Saved the World"" is searching for a crew member of his spaceship who has been missing for eight years.",https://m.media-amazon.com/images/M/MV5BYWJhZGZlZjUtY2QwYS00Y2JkLWEzODUtZmNlODNiYmNiMmFkXkEyXkFqcGc@._V1_.jpg,https://www.youtube.com/watch?v=Ko0Q2fUsNN4,Not Rated,2006,,2006-12-15,"['Action', 'Comedy', 'Sci-Fi']",['TR'],"['http://www.beyazperde.com/filmler/film-125161/', 'https://boxofficeturkiye.com/film/dunyayi-kurtaran-adamin-oglu-2006225?']",['tr'],"['Nevsehir, Turkey']","[{'id': 'co0166018', 'name': 'Tiglon'}, {'id': 'co0142507', 'name': 'Zero Film'}]",5000000.0,2381856.0,"['Action', 'Comedy', 'Sci-Fi']",False,110,1.5,16913,
19,tt1073498,https://www.imdb.com/title/tt1073498/,Meet the Spartans,Meet the Spartans,movie,"A spoof of 300 (2006) and many other movies, TV series/shows/commercials, video games and celebrities. King Leonidas of Sparta and his army of 12 go to war against Xerxes of Persia to fight to the death for Sparta's freedom.",https://m.media-amazon.com/images/M/MV5BMmQ3NTAyODYtZjAxMy00ZTE4LWJhNmEtZGUyZjhlOTlhMTE1XkEyXkFqcGc@._V1_.jpg,https://www.youtube.com/watch?v=RY-zJtYYolo,PG-13,2008,,2008-01-25,"['Parody', 'Slapstick', 'Comedy', 'Fantasy']",['US'],,['en'],"['New Orleans, Louisiana, USA']","[{'id': 'co0007127', 'name': 'New Regency Productions'}]",30000000.0,85897593.0,"['Comedy', 'Fantasy']",False,87,2.8,113346,9.0
20,tt0299930,https://www.imdb.com/title/tt0299930/,Gigli,Gigli,movie,"Larry Gigli is assigned by a crime boss to kidnap the brother of a prominent district attorney, and a beautiful woman known only as Ricki is sent to stay with him to make sure he doesn't mess up the job.",https://m.media-amazon.com/images/M/MV5BMTE5MTYxMDg5NV5BMl5BanBnXkFtZTYwNjc5MzQ3._V1_.jpg,https://www.youtube.com/watch?v=qDED4FPmuZo,R,2003,,2003-08-01,"['Comedy', 'Crime', 'Romance']",['US'],['http://www.columbiatristar.fr/k/gigli'],['en'],"['Long Beach, California, USA']","[{'id': 'co0003580', 'name': 'Revolution Studios'}, {'id': 'co0045196', 'name': 'City Light Films'}, {'id': 'co0058884', 'name': 'Casey Silver Productions'}]",54000000.0,7266209.0,"['Comedy', 'Crime', 'Romance']",False,121,2.6,51478,18.0
21,tt0421051,https://www.imdb.com/title/tt0421051/,Daniel the Wizard,Daniel der Zauberer,movie,"Evil assassins want to kill Daniel Kublbock, the third runner up for the German Idols.",https://m.media-amazon.com/images/M/MV5BYTk2NmUxNDUtMjlkZi00YzM0LWI0OWMtYjcxMWIwZGJhOGQ4XkEyXkFqcGc@._V1_.jpg,https://www.youtube.com/watch?v=W2vKfxXE7_4,Not Rated,2004,,2004-08-12,"['Comedy', 'Crime', 'Fantasy', 'Music']",['DE'],['http://www.daniel-der-zauberer.de/'],['de'],"['Los Angeles, California, USA']","[{'id': 'co0131378', 'name': 'Lommel Entertainment'}, {'id': 'co0053517', 'name': 'Peter Schamoni Film'}]",,,"['Comedy', 'Crime', 'Fantasy']",False,81,1.2,15081,
22,tt0466342,https://www.imdb.com/title/tt0466342/,Date Movie,Date Movie,movie,"Spoof of romantic comedies which focuses on a man, his crush, his parents, and her father.",https://m.media-amazon.com/images/M/MV5BYzNjNThhNjUtMmQ3YS00YmQzLWJmMjktMWMyODMyMDc4ZmJkXkEyXkFqcGc@._V1_.jpg,https://www.youtube.com/watch?v=23QoNhfK_qg,PG-13,2006,,2006-02-17,"['Parody', 'Romantic Comedy', 'Slapstick', 'Comedy', 'Romance']","['CH', 'US']",,['en'],"['Church of the Angels - 1100 Avenue 64, Pasadena, California, USA']","[{'id': 'co0007127', 'name': 'New Regency Productions'}, {'id': 'co0166202', 'name': 'Epsilon Motion Pictures'}]",20000000.0,85749034.0,"['Comedy', 'Romance']",False,83,2.8,63261,11.0
23,tt5697572,https://www.imdb.com/title/tt5697572/,Cats,Cats,movie,A tribe of cats called the Jellicles must decide yearly which one will ascend to the Heaviside Layer and come back to a new Jellicle life.,https://m.media-amazon.com/images/M/MV5BYjhmMjcxNDUtNmVjZS00MjA1LTgzZjgtOTRjMTk4YjU1NDcwXkEyXkFqcGc@._V1_.jpg,https://www.youtube.com/watch?v=FtSd844cI7U,PG,2019,,2019-12-20,"['Pop Musical', 'Comedy', 'Drama', 'Family', 'Fantasy', 'Musical']","['GB', 'US', 'CA', 'AU', 'JP', 'CN']","['http://www.facebook.com/catsmovie', 'http://www.instagram.com/catsmovie/']",['en'],"['Warner Bros. Studios Leavesden, Warner Drive, Leavesden, Watford, Hertfordshire, England, UK']","[{'id': 'co0057311', 'name': 'Working Title Films'}, {'id': 'co0009119', 'name': 'Amblin Entertainment'}, {'id': 'co0739708', 'name': 'Perfect World Pictures'}]",95000000.0,75558925.0,"['Comedy', 'Drama', 'Family']",False,110,2.8,57606,32.0
24,tt0118665,https://www.imdb.com/title/tt0118665/,Baby Geniuses,Baby Geniuses,movie,"Scientists hold super intelligent talking babies captive, but things take a turn for the worse when a mix-up occurs between a baby genius and its twin.",https://m.media-amazon.com/images/M/MV5BZGU1NTE0YWUtY2FkZS00MGE5LWI4MDItMmE5NzYzY2YzMTY1XkEyXkFqcGc@._V1_.jpg,https://www.youtube.com/watch?v=-gDV8LSw4NY,PG,1999,,1999-03-12,"['Comedy', 'Crime', 'Family', 'Sci-Fi']",['US'],,['en'],"['Circus Circus Casino - 2880 Las Vegas Boulevard South, Las Vegas, Nevada, USA']","[{'id': 'co0002667', 'name': 'Crystal Sky Worldwide'}, {'id': 'co0030547', 'name': 'Triumph'}]",12000000.0,36450736.0,"['Comedy', 'Crime', 'Family']",False,97,2.6,28041,7.0
25,tt0118589,https://www.imdb.com/title/tt0118589/,Glitter,Glitter,movie,"A young singer dates a disc jockey who helps her get into the music business, but their relationship become complicated as she ascends to super stardom.",https://m.media-amazon.com/images/M/MV5BNWI1ZDEzMDgtMGJmZC00MzE5LTkxODMtZThhMGU3NjlhYTMxXkEyXkFqcGc@._V1_.jpg,https://www.youtube.com/watch?v=QaKxGrajnzY,PG-13,2001,,2001-09-21,"['Drama', 'Music', 'Romance']","['US', 'CA']",['https://mt2.org/uyeler/glitter.6500/'],['en'],"['World Trade Center, New York City, New York, USA']","[{'id': 'co0000756', 'name': 'Twentieth Century Fox'}, {'id': 'co0050868', 'name': 'Columbia Pictures'}, {'id': 'co0041390', 'name': 'Maroon Entertainment'}]",22000000.0,5272594.0,"['Drama', 'Music', 'Romance']",False,104,2.4,24312,14.0
26,tt1883367,https://www.imdb.com/title/tt1883367/,The Human Centipede III (Final Sequence),The Human Centipede III (Final Sequence),movie,"Taking inspiration from The Human Centipede films, the warden of a notorious and troubled prison looks to create a 500-person human centipede as a solution to his problems.",https://m.media-amazon.com/images/M/MV5BMzU1OTUyNjE1M15BMl5BanBnXkFtZTgwMjc4NjI1NTE@._V1_.jpg,https://www.youtube.com/watch?v=Pijm_Cgc5g0,Not Rated,2015,,2015-06-18,"['Body Horror', 'Dark Comedy', 'Splatter Horror', 'Comedy', 'Horror']","['US', 'NL']",,['en'],,"[{'id': 'co0121028', 'name': 'Six Entertainment'}]",,16184.0,"['Comedy', 'Horror']",False,102,2.7,21266,5.0
27,tt11762434,https://www.imdb.com/title/tt11762434/,Cosmic Sin,Cosmic Sin,movie,Seven rogue soldiers launch a preemptive strike against a newly discovered alien civilization in the hopes of ending an interstellar war before it starts.,https://m.media-amazon.com/images/M/MV5BODI4MTg1NDMtNTg2MC00MjQwLThjNDUtMzk3MjkyNjc5OGMyXkEyXkFqcGc@._V1_.jpg,https://www.youtube.com/watch?v=9HTWDnKs6hA,R,2021,,2021-03-12,"['B-Action', 'Space Sci-Fi', 'Action', 'Sci-Fi']",['US'],,['en'],"['OFS, Jimmy Carter Blvd, Norcross, Georgia, USA']","[{'id': 'co0554413', 'name': '308 Ent'}, {'id': 'co0474730', 'name': 'BondIt Media Capital'}]",,349757.0,"['Action', 'Sci-Fi']",False,88,2.5,15577,9.0
28,tt14121726,https://www.imdb.com/title/tt14121726/,Jeepers Creepers: Reborn,Jeepers Creepers: Reborn,movie,"Forced to travel with her boyfriend, Laine begins to experience premonitions associated with the urban myth of The Creeper. She believes that something supernatural has been summoned - and that she is at the center of it all.",https://m.media-amazon.com/images/M/MV5BODk5ZmVmODMtMWNjNS00ODc3LWE0Y2UtYWI3MGI2ZTA0NjU4XkEyXkFqcGc@._V1_.jpg,https://www.youtube.com/watch?v=eNH2bRZ6gJw,R,2022,,2022-09-19,"['Horror', 'Mystery', 'Thriller']","['US', 'GB']","['https://www.facebook.com/JeepersCreepersOfficial/', 'https://www.instagram.com/jeeperscreepersofficial/']",['en'],"['Black Hangar Studios, Lasham, Alton GU34 5SR, United Kingdom']","[{'id': 'co0427398', 'name': 'Orwo Studios'}, {'id': 'co0242024', 'name': 'Infinity Films'}, {'id': 'co0941200', 'name': 'Ink Pine Media'}]",,6175213.0,"['Horror', 'Mystery', 'Thriller']",False,88,2.6,15877,
29,tt12996154,https://www.imdb.com/title/tt12996154/,365 Days: This Day,365 Days: This Day,movie,Laura and Massimo are back and stronger than ever. But Massimo's family ties and a mysterious man bidding for Laura's heart complicate the lovers' lives.,https://m.media-amazon.com/images/M/MV5BMzJhYmNkNTctM2MxNS00NzY4LWFkYjYtNjFiODhjYzg4MDRhXkEyXkFqcGc@._V1_.jpg,https://www.youtube.com/watch?v=pyM3z73oMAk,TV-MA,2022,,2022-04-27,"['Steamy Romance', 'Drama', 'Romance']",['PL'],"['https://www.apzomedia.com/365-days/', 'https://www.netflix.com/title/81397576/']","['pl', 'it', 'en', 'es']",['Italy'],"[{'id': 'co0726975', 'name': 'Ekipa'}, {'id': 'co0759645', 'name': 'Open Mind Production'}, {'id': 'co0144901', 'name': 'Netflix'}]",,,"['Drama', 'Romance']",False,111,2.7,26253,
30,tt12915716,https://www.imdb.com/title/tt12915716/,Adipurush,Adipurush,movie,A modern adaptation of the Indian epic Ramayana which follows the exiled prince Raghav's journey to rescue his wife Janaki from the demon king Lankesh.,https://m.media-amazon.com/images/M/MV5BMjA2ODRkMGUtNzUxNC00MmM5LTk3YjQtNTkxNTFlNzFiMjNiXkEyXkFqcGc@._V1_.jpg,,,2023,,2023-06-16,"['Action Epic', 'Epic', 'Action', 'Drama']",['IN'],,"['te', 'hi']",,"[{'id': 'co0310182', 'name': 'RKB Creative'}, {'id': 'co0789695', 'name': 'Retrophiles'}, {'id': 'co0722400', 'name': 'T-Series Films'}]",82352941.0,1077952.0,"['Action', 'Drama']",False,179,2.7,135399,
31,tt14723224,https://www.imdb.com/title/tt14723224/,The Cost of Deception,Elk*rtuk,movie,"When a young, ambitious market researcher finds out her boss is involved in the leaking of a scandalous Prime Minister speech, she decides to investigate the case to gain a position among the big-shots. Based on actual events.",https://m.media-amazon.com/images/M/MV5BZmFlNzlmM2YtMTRkZC00OGZhLWI0YTQtOWI5YWQwNzEyMWQ4XkEyXkFqcGc@._V1_.jpg,,,2021,,2021-10-21,"['True Crime', 'Action', 'Crime', 'Drama', 'History', 'Thriller']",['HU'],"['https://www.facebook.com/ELKxRTUK/?__tn__=-UC*F', 'https://megafilm.hu/cikkek/elkurtuk']",['hu'],"['Budapest, Hungary']","[{'id': 'co0123764', 'name': 'Megafilm'}]",,600610.0,"['Action', 'Crime', 'Drama']",False,125,1.5,40809,
32,tt0093300,https://www.imdb.com/title/tt0093300/,Jaws: The Revenge,Jaws: The Revenge,movie,Chief Brody's widow believes that her family is deliberately being targeted by another shark in search of revenge.,https://m.media-amazon.com/images/M/MV5BZGFiOTU1MTctMTRkMy00ZmVkLTk5YTktODMxZDhlOGQyN2MwXkEyXkFqcGc@._V1_.jpg,https://www.youtube.com/watch?v=PMXarjDD86E,PG-13,1987,,1987-07-17,"['Monster Horror', 'Sea Adventure', 'Adventure', 'Horror', 'Thriller']",['US'],,['en'],"[""Edgartown, Martha's Vineyard, Massachusetts, USA""]","[{'id': 'co0005073', 'name': 'Universal Pictures'}]",23000000.0,51881013.0,"['Adventure', 'Horror', 'Thriller']",False,89,3.0,51327,15.0
33,tt19623240,https://www.imdb.com/title/tt19623240/,Winnie-the-Pooh: Blood and Honey,Winnie-the-Pooh: Blood and Honey,movie,"After Christopher Robin abandons them for college, Pooh and Piglet embark on a bloody rampage as they search for a new source of food.",https://m.media-amazon.com/images/M/MV5BMTA1YjEyNmQtNGNiYi00OWFlLWJlMDQtOWIyZjA5OTZhODVjXkEyXkFqcGc@._V1_.jpg,https://www.youtube.com/watch?v=43_Nh6ymnRQ,Not Rated,2023,,2023-03-17,"['Monster Horror', 'Slasher Horror', 'Horror']","['GB', 'US']","['https://www.itnfilms.net/catalog/WINNIE-THE-POOH%3A-BLOOD-AND-HONEY', 'http://www.winniethepoohhorror.nl/']",['en'],"['Ashdown Forest, East Sussex, England, UK']","[{'id': 'co0005266', 'name': 'ITN Distribution'}, {'id': 'co0862075', 'name': 'Jagged Edge Productions'}]",100000.0,7717044.0,['Horror'],False,84,2.9,33692,16.0
34,tt0383222,https://www.imdb.com/title/tt0383222/,BloodRayne,BloodRayne,movie,"In the eighteenth century, a vampire escapes from the freak show, in which she once participated, and teams up with a group of vampire slayers to kill the man who raped her mother.",https://m.media-amazon.com/images/M/MV5BZTQ1MjE1ZDItNTI1Ny00NDllLWEzZWMtNzJlNDRjYmZmNzk5XkEyXkFqcGc@._V1_.jpg,https://www.youtube.com/watch?v=VBVU7pR3pkQ,R,2005,,2006-01-06,"['Dark Fantasy', 'Superhero', 'Vampire Horror', 'Action', 'Fantasy', 'Horror']","['CA', 'DE', 'US']",['https://mt2.org/uyeler/bloodrayne.7515/'],['en'],"['Corvin Castle, Hunedoara, Romania']","[{'id': 'co0139475', 'name': 'Romar Entertainment'}, {'id': 'co0021154', 'name': 'Boll Kino Beteiligungs GmbH & Co. KG'}, {'id': 'co0137814', 'name': 'Herold Productions'}]",25000000.0,3650275.0,"['Action', 'Fantasy', 'Horror']",False,95,3.0,37852,18.0
35,tt0089280,https://www.imdb.com/title/tt0089280/,Hobgoblins,Hobgoblins,movie,A young security guard must track down diminutive aliens who kill people even as they make their fantasies come true.,https://m.media-amazon.com/images/M/MV5BMTYzNDYxMTY3N15BMl5BanBnXkFtZTgwNjAxMzkwMzE@._V1_.jpg,https://www.youtube.com/watch?v=o0fhewrzBRM,Not Rated,1988,,1988-07-14,"['Comedy', 'Horror', 'Sci-Fi']",['US'],,['en'],"['Mulholland Drive, Hollywood Hills, Los Angeles, California, USA']","[{'id': 'co0067978', 'name': 'Rick Sloane Productions'}]",15000.0,,"['Comedy', 'Horror', 'Sci-Fi']",False,88,2.2,12720,
36,tt0105643,https://www.imdb.com/title/tt0105643/,Troll 2,Troll 2,movie,"A vacationing family discovers that the entire town they're visiting is inhabited by goblins, disguised as humans, who plan to eat them.",https://m.media-amazon.com/images/M/MV5BYzJkY2E0ZjEtYjQ4Yy00MmI3LWFhMGItZjllNmJhM2Y5NTBkXkEyXkFqcGc@._V1_.jpg,https://www.youtube.com/watch?v=9KCct4RwLNM,PG-13,1990,,,"['Supernatural Horror', 'Comedy', 'Fantasy', 'Horror']",['IT'],,['en'],"['1680 East Center Court, Heber City, Utah, USA']","[{'id': 'co0059265', 'name': 'Filmirage'}]",100000.0,1131.0,"['Comedy', 'Fantasy', 'Horror']",False,95,3.0,35643,
37,tt7668842,https://www.imdb.com/title/tt7668842/,Enes Batur: Imagination or Reality?,Enes Batur: Hayal Mi Gerçek Mi?,movie,Enes Batur has to decide between going to college or being a professional YouTuber.,https://m.media-amazon.com/images/M/MV5BNjk0Mzk5OTItYzZiNy00ZGYyLWJjYzktNjg3NWExZjUyNDhlXkEyXkFqcGc@._V1_.jpg,,,2018,,2018-01-19,['Comedy'],['TR'],"['https://boxofficeturkiye.com/film/enes-batur-hayal-mi-gercek-mi-2013927', 'https://www.facebook.com/enesbaturfilm/']",['tr'],"['Antalya, Turkey']","[{'id': 'co0680852', 'name': 'Eren Medya'}]",,3595901.0,['Comedy'],False,110,2.0,56334,
38,tt2467046,https://www.imdb.com/title/tt2467046/,Left Behind,Left Behind,movie,A small group of survivors is left behind after millions of people suddenly vanish and the world is plunged into chaos and destruction.,https://m.media-amazon.com/images/M/MV5BMjI4MjA2OTQxMF5BMl5BanBnXkFtZTgwMjcyMTI2MjE@._V1_.jpg,https://www.youtube.com/watch?v=c1w_qrsAYsw,PG-13,2014,,2014-10-03,"['Dystopian Sci-Fi', 'Action', 'Fantasy', 'Sci-Fi', 'Thriller']","['US', 'CA', 'JP', 'GB']","['http://www.facebook.com/leftbehindthemovie', 'http://twitter.com/leftbehindmovie']",['en'],"['Baton Rouge, Louisiana, USA']","[{'id': 'co0398908', 'name': 'Stoney Lake Entertainment'}]",16000000.0,27405896.0,"['Action', 'Fantasy', 'Sci-Fi']",False,110,3.1,43587,12.0
39,tt10886166,https://www.imdb.com/title/tt10886166/,365 Days,365 dni,movie,"Massimo is a member of the Sicilian Mafia family and Laura is a sales director. She does not expect that on a trip to Sicily trying to save her relationship, Massimo will kidnap her and give her 365 days to fall in love with him.",https://m.media-amazon.com/images/M/MV5BMTg5N2U4ZTItMjc2NC00NDg2LWIzODYtOWZmNzY5Yzc5MzUxXkEyXkFqcGc@._V1_.jpg,https://www.youtube.com/watch?v=J79D3hny-e8,TV-MA,2020,,2020-06-07,"['Steamy Romance', 'Drama', 'Romance']",['PL'],,"['pl', 'en', 'it']","['Warsaw, Mazowieckie, Poland']","[{'id': 'co0726975', 'name': 'Ekipa'}, {'id': 'co0776224', 'name': 'Future Space'}, {'id': 'co0407818', 'name': 'Next Film'}]",,9458590.0,"['Drama', 'Romance']",False,114,3.3,103524,
40,tt0785077,https://www.imdb.com/title/tt0785077/,Who's Your Caddy?,Who's Your Caddy?,movie,When a rap mogul from Atlanta tries to join a conservative country club in the Carolinas he runs into fierce opposition from the board President- but it's nothing that he and his entourage can't handle.,https://m.media-amazon.com/images/M/MV5BMTY1MDQwMTYxNF5BMl5BanBnXkFtZTcwMTAwOTM1MQ@@._V1_.jpg,https://www.youtube.com/watch?v=6FGO_s1zuZA,PG-13,2007,,2007-07-27,"['Comedy', 'Sport']",['US'],['https://mt2.org/uyeler/whos-your-caddy.13654/'],['en'],"['Aiken, South Carolina, USA']","[{'id': 'co0094902', 'name': 'Ascendant Pictures'}, {'id': 'co0041195', 'name': 'Cheyenne Enterprises'}, {'id': 'co0019626', 'name': 'Dimension Films'}]",7000000.0,5713425.0,"['Comedy', 'Sport']",False,93,2.3,15707,18.0
41,tt0810913,https://www.imdb.com/title/tt0810913/,Jack and Jill,Jack and Jill,movie,"Family guy, Jack Sadelstein, prepares for the annual event he always dreads--the Thanksgiving visit of his fraternal twin sister, the needy, and passive-aggressive Jill, who then refuses to leave.",https://m.media-amazon.com/images/M/MV5BNjczMTU5OTUyMl5BMl5BanBnXkFtZTcwODEzNjc3Ng@@._V1_.jpg,https://www.youtube.com/watch?v=uA48UG0gkJI,PG,2011,,2011-11-11,"['Buddy Comedy', 'Comedy']",['US'],"['https://www.facebook.com/JackandJillMovie', 'http://www.jackandjill-movie.com/']",['en'],['Allure of the Seas'],"[{'id': 'co0050868', 'name': 'Columbia Pictures'}, {'id': 'co0059609', 'name': 'Happy Madison Productions'}, {'id': 'co0163543', 'name': 'Broken Road Productions'}]",79000000.0,149673788.0,['Comedy'],False,91,3.3,92984,23.0
42,tt0246894,https://www.imdb.com/title/tt0246894/,Rollerball,Rollerball,movie,The big thing in 2005 is a violent sport which can have some pretty serious consequences... like dying.,https://m.media-amazon.com/images/M/MV5BMjA3OTk4NDE1OV5BMl5BanBnXkFtZTcwODAyOTY2NA@@._V1_.jpg,https://www.youtube.com/watch?v=uFWFEoK9Yz8,PG-13,2002,,2002-02-08,"['Dark Comedy', 'Extreme Sport', 'Action', 'Sci-Fi', 'Sport']","['US', 'DE', 'CA', 'JP']",['https://mt2.org/uyeler/rollerball.15625/'],"['en', 'ru', 'fr', 'ar', 'ko', 'de', 'ja']","['Lethbridge, Alberta, Canada']","[{'id': 'co0028338', 'name': 'Atlas Entertainment'}, {'id': 'co0311606', 'name': 'Canada Film Capital'}, {'id': 'co0069136', 'name': 'Helkon Media'}]",70000000.0,25852764.0,"['Action', 'Sci-Fi', 'Sport']",False,98,3.1,30334,14.0
43,tt0058548,https://www.imdb.com/title/tt0058548/,Santa Claus Conquers the Martians,Santa Claus Conquers the Martians,movie,The Martians kidnap Santa Claus because there is nobody on Mars to give their children presents.,https://m.media-amazon.com/images/M/MV5BMzZiNDM3MDgtM2VhOS00NWFiLTkyYzEtNjUwODQ0OTc4NzNiXkEyXkFqcGc@._V1_.jpg,https://www.youtube.com/watch?v=X06DV3Hx_Q4,Not Rated,1964,,1966-11-10,"['Space Sci-Fi', 'Adventure', 'Comedy', 'Family', 'Fantasy', 'Holiday', 'Sci-Fi']","['US', 'DK']",,['en'],"['Roosevelt Field, Garden City, Long Island, New York, USA']","[{'id': 'co0060446', 'name': 'Jalor Productions'}]",200000.0,,"['Adventure', 'Comedy', 'Family']",False,81,2.7,13016,
44,tt5690360,https://www.imdb.com/title/tt5690360/,Slender Man,Slender Man,movie,"In a small town in Massachusetts, a group of friends, fascinated by the internet lore of the Slender Man, attempt to prove that he doesn't actually exist - until one of them mysteriously goes missing.",https://m.media-amazon.com/images/M/MV5BMjE0MzcwMDAyNl5BMl5BanBnXkFtZTgwMzc4ODg0NDM@._V1_.jpg,https://www.youtube.com/watch?v=ySy8mcceTno,PG-13,2018,,2018-08-10,"['Psychological Horror', 'Supernatural Horror', 'Teen Horror', 'Horror', 'Mystery', 'Thriller']",['US'],"['http://www.facebook.com/SlenderManMovie', 'http://www.instagram.com/slendermanmovie/']",['en'],"['New England Studios, Devens, Massachusetts, USA']","[{'id': 'co0010568', 'name': 'Screen Gems'}, {'id': 'co0321082', 'name': 'Mythology Entertainment'}, {'id': 'co0202761', 'name': 'Madhouse Entertainment'}]",10000000.0,51738549.0,"['Horror', 'Mystery', 'Thriller']",False,93,3.3,40473,30.0
45,tt7255568,https://www.imdb.com/title/tt7255568/,Student of the Year 2,Student of the Year 2,movie,"A student must face off against bullies and overcome hurdles, both academic and romantic, to win his college's coveted Student of the Year trophy.",https://m.media-amazon.com/images/M/MV5BNjRlMjFhYzktMGRjOC00NGQ5LTgzZjktNTg3ZWI2ZTgzNGQ5XkEyXkFqcGc@._V1_.jpg,,Not Rated,2019,,2019-05-10,"['Action', 'Comedy', 'Drama', 'Romance', 'Sport']",['IN'],"['https://www.facebook.com/SOTYOfficial/', 'https://www.instagram.com/sotyoffical/']",['hi'],,"[{'id': 'co0266060', 'name': 'Fox STAR Studios'}, {'id': 'co0078768', 'name': 'Dharma Productions'}, {'id': 'co0133843', 'name': 'SIF 309 Film Music'}]",800000000.0,1635907.0,"['Action', 'Comedy', 'Drama']",False,146,2.2,23252,
46,tt0327554,https://www.imdb.com/title/tt0327554/,Catwoman,Catwoman,movie,"A shy woman, endowed with the speed, reflexes, and senses of a cat, walks a thin line between criminal and hero, even as a detective doggedly pursues her, fascinated by both of her personas.",https://m.media-amazon.com/images/M/MV5BMjA4MzM0NDAzOF5BMl5BanBnXkFtZTcwMDY3MDYyMQ@@._V1_.jpg,https://www.youtube.com/watch?v=ePgLOVNMSTo,PG-13,2004,,2004-07-23,"['Superhero', 'Action', 'Crime', 'Fantasy']",['US'],"['http://www.warnerbros.fr/movies/catwoman/', 'http://catwoman.warnerbros.com/']","['en', 'es']","['Winnipeg, Manitoba, Canada']","[{'id': 'co0002663', 'name': 'Warner Bros.'}, {'id': 'co0108864', 'name': 'Village Roadshow Pictures'}, {'id': 'co0062957', 'name': 'DiNovi Pictures'}]",100000000.0,82402379.0,"['Action', 'Crime', 'Fantasy']",False,104,3.4,128894,27.0
47,tt0116756,https://www.imdb.com/title/tt0116756/,Kazaam,Kazaam,movie,"A troubled kid inadvertently releases a genie, who must grant him any three wishes he requests.",https://m.media-amazon.com/images/M/MV5BMzMzMWY2NjgtZjU3NS00MDA0LTlkZTEtZWE4MzFiNzRhYjE1XkEyXkFqcGc@._V1_.jpg,https://www.youtube.com/watch?v=fFVaxa1UKNg,PG,1996,,1996-07-17,"['Comedy', 'Family', 'Fantasy', 'Musical']",['US'],['https://mt2.org/uyeler/kazaam.3185/'],['en'],"['Brooklyn, New York City, New York, USA']","[{'id': 'co0049348', 'name': 'Touchstone Pictures'}, {'id': 'co0031772', 'name': 'Interscope Communications'}, {'id': 'co0030612', 'name': 'Polygram Filmed Entertainment'}]",20000000.0,18937262.0,"['Comedy', 'Family', 'Fantasy']",False,93,3.1,26187,24.0
48,tt9624766,https://www.imdb.com/title/tt9624766/,Jiu Jitsu,Jiu Jitsu,movie,"Every six years, an ancient order of jiu-jitsu fighters joins forces to battle a vicious race of alien invaders. But when a celebrated war hero goes down in defeat, the fate of the planet and mankind hangs in the balance.",https://m.media-amazon.com/images/M/MV5BNDY5MDk2YmEtMWYxYy00Nzc2LTgzZmItMGYxMjk0NTI1MTczXkEyXkFqcGc@._V1_.jpg,https://www.youtube.com/watch?v=ywhTeWg8970,R,2020,,2020-11-20,"['Action', 'Sci-Fi', 'Thriller']",['US'],['https://mt2.org/uyeler/jiu-jitsu.13519/'],"['en', 'my']",['Cyprus'],"[{'id': 'co0598568', 'name': 'Acme Rocket Fuel'}]",8000000.0,99924.0,"['Action', 'Sci-Fi', 'Thriller']",False,102,2.9,10933,27.0
49,tt9820556,https://www.imdb.com/title/tt9820556/,Breach,Breach,movie,"On the cusp of fatherhood, a junior mechanic aboard an interstellar ark to New Earth must outwit a malevolent cosmic terror intent on using the spaceship as a weapon.",https://m.media-amazon.com/images/M/MV5BMjdlMmFlZWEtZjFhZC00NmRiLTkzYzYtMmYzYzQzMjRmZWE4XkEyXkFqcGc@._V1_.jpg,https://www.youtube.com/watch?v=vntSSo0yuc4,R,2020,,2020-12-18,"['Dark Comedy', 'Dystopian Sci-Fi', 'Monster Horror', 'Space Sci-Fi', 'Action', 'Horror', 'Sci-Fi']","['US', 'CA', 'DE']",['https://anti-life.jp/'],['en'],"['Fitzgerald, Georgia, USA']","[{'id': 'co0554413', 'name': '308 Ent'}, {'id': 'co0629377', 'name': 'Almost Never Films Inc.'}, {'id': 'co0261920', 'name': 'Aloe Entertainment'}]",,39328.0,"['Action', 'Horror', 'Sci-Fi']",False,92,2.9,20478,
50,tt10350922,https://www.imdb.com/title/tt10350922/,Laxmii,Laxmii,movie,"Aasif visits his wife's parents' house and happens to go to a ground that is supposedly haunted. However, he is soon possessed by the spirit of a transgender who is out for revenge.",https://m.media-amazon.com/images/M/MV5BMTVlMjEwOWItY2RlMS00NTk5LTllMDEtYjdkZTJmZGViNjhhXkEyXkFqcGc@._V1_.jpg,,,2020,,2020-11-09,"['Action', 'Comedy', 'Horror']",['IN'],"['https://www.hotstar.com/sg/movies/laxmii/1260036200', 'https://www.akshaykumarmovies.co.in/2022/04/laxmii-full-movie-akshay-kumar-movies.html']","['hi', 'en']",,"[{'id': 'co0315674', 'name': 'Cape of Good Films'}, {'id': 'co0266060', 'name': 'Fox STAR Studios'}, {'id': 'co0746847', 'name': 'Shabinaa Entertainment'}]",,623913.0,"['Action', 'Comedy', 'Horror']",False,141,2.5,59281,
51,tt7608028,https://www.imdb.com/title/tt7608028/,The Open House,The Open House,movie,A teenager and his mother find themselves besieged by threatening forces when they move into a new house.,https://m.media-amazon.com/images/M/MV5BMTU0MjQxNjk3Ml5BMl5BanBnXkFtZTgwOTM3NzY0NDM@._V1_.jpg,https://www.youtube.com/watch?v=tMSu3Gyz1jU,TV-MA,2018,,2018-01-19,"['Horror', 'Thriller']","['CA', 'US']",,['en'],"['Big Bear Lake, California, USA']",,100000.0,,"['Horror', 'Thriller']",False,94,3.3,38272,
52,tt0120207,https://www.imdb.com/title/tt0120207/,Steel,Steel,movie,A scientist for the military turns himself into a cartoon-like superhero when a version of one of his own weapons is being used against enemies.,https://m.media-amazon.com/images/M/MV5BY2QxZWM5ZjMtYzk2MS00MTdkLWIyMWUtMmE0YjgyN2Y5ZTgxXkEyXkFqcGc@._V1_.jpg,https://www.youtube.com/watch?v=ItaRZO69RsY,PG-13,1997,,1997-08-15,"['Superhero', 'Action', 'Adventure', 'Crime', 'Fantasy', 'Sci-Fi']",['US'],['http://movies.warnerbros.com/steel/main.html'],['en'],"['Downtown, Los Angeles, California, USA']","[{'id': 'co0002663', 'name': 'Warner Bros.'}, {'id': 'co0214635', 'name': 'Quincy Jones-David Salzman Entertainment'}]",16000000.0,1801972.0,"['Action', 'Adventure', 'Crime']",False,97,3.0,15489,28.0
53,tt2403029,https://www.imdb.com/title/tt2403029/,The Starving Games,The Starving Games,movie,"In this ""Hunger Games"" spoof, Kantmiss Evershot must fight for her life in the 75th annual Starving Games, in which she could also win an old ham, a coupon for a foot-long sub, and a partially-eaten pickle.",https://m.media-amazon.com/images/M/MV5BMTgwOTk2OTY4MV5BMl5BanBnXkFtZTgwMTU5MjE0MDE@._V1_.jpg,https://www.youtube.com/watch?v=V-bTeQ8Esdk,PG-13,2013,,2013-10-31,"['Parody', 'Adventure', 'Comedy', 'Sci-Fi']",['US'],"['https://www.facebook.com/StarvingGames', 'https://twitter.com/_StarvingGames']",['en'],"['Hammond, Louisiana, USA']","[{'id': 'co0179825', 'name': 'The Safran Company'}]",4999278.0,3906308.0,"['Adventure', 'Comedy', 'Sci-Fi']",False,83,3.2,23290,
54,tt1666186,https://www.imdb.com/title/tt1666186/,Vampires Suck,Vampires Suck,movie,"In this spoof of vampire-themed movies, teenager Becca finds herself torn between two boys. She and her friends wrestle with endless dramas that crescendo at the prom.",https://m.media-amazon.com/images/M/MV5BMTk2MDk0NDU4MF5BMl5BanBnXkFtZTcwNzAyODk2Mw@@._V1_.jpg,https://www.youtube.com/watch?v=Gw1oGbdXzoU,PG-13,2010,,2010-08-18,"['Parody', 'Slapstick', 'Vampire Horror', 'Comedy', 'Horror']",['US'],['http://www.facebook.com/vampiressuckmovie'],"['en', 'de']","['Shreveport, Louisiana, USA']","[{'id': 'co0007127', 'name': 'New Regency Productions'}, {'id': 'co0232385', 'name': 'Road Rebel'}]",20000000.0,80547866.0,"['Comedy', 'Horror']",False,82,3.4,53065,18.0
55,tt4877122,https://www.imdb.com/title/tt4877122/,The Emoji Movie,The Emoji Movie,movie,"Gene, a multi-expressional emoji, sets out on a journey to become a normal emoji.",https://m.media-amazon.com/images/M/MV5BMTkzMzM3OTM2Ml5BMl5BanBnXkFtZTgwMDM0NDU3MjI@._V1_.jpg,https://www.youtube.com/watch?v=p3eg0JIc6d4,PG,2017,,2017-07-28,"['Computer Animation', 'Supernatural Fantasy', 'Adventure', 'Animation', 'Comedy', 'Family', 'Fantasy', 'Sci-Fi']",['US'],"['https://www.facebook.com/EmojiMovie', 'http://www.theemoji-movie.com/']","['en', 'es']",,"[{'id': 'co0050868', 'name': 'Columbia Pictures'}, {'id': 'co0479739', 'name': 'LStar Capital'}, {'id': 'co0121181', 'name': 'Sony Pictures Animation'}]",50000000.0,217776646.0,"['Adventure', 'Animation', 'Comedy']",False,86,3.4,75322,12.0
56,tt6038600,https://www.imdb.com/title/tt6038600/,Smolensk,Smolensk,movie,"An inspired story of people affected by the 2010 crash of Polish Air Force Flight 101 in Smolensk, Russia. Fiery reporter Nina won't accept the story she's been given and is determined to find the truth.",https://m.media-amazon.com/images/M/MV5BM2VjODkyOGEtMDdjMi00NzEwLThiMDQtNzNjNmFkOGQ3Mjc1XkEyXkFqcGc@._V1_.jpg,,,2016,,2016-09-09,"['Drama', 'Thriller']",['PL'],['http://kinoswiat.pl/smolensk/'],"['pl', 'en']","['Warsaw, Mazowieckie, Poland']","[{'id': 'co0607336', 'name': ""Fundacja 'Smolensk 2010'""}, {'id': 'co0607337', 'name': 'Fundacja Smolensk 2010'}]",3000000.0,2336032.0,"['Drama', 'Thriller']",False,120,1.2,40341,
57,tt0329028,https://www.imdb.com/title/tt0329028/,Dumb and Dumberer: When Harry Met Lloyd,Dumb and Dumberer: When Harry Met Lloyd,movie,Set back in the 80s when Harry met Lloyd in high school where they cross paths with a mean principal and a bunch of other outcasts much like themselves.,https://m.media-amazon.com/images/M/MV5BNjgzOTE0YmItODkzZi00MmVhLWE5NzAtMjExN2NmYjUxNDYwXkEyXkFqcGc@._V1_.jpg,https://www.youtube.com/watch?v=tdjX8Voj5vI,PG-13,2003,,2003-06-13,"['Buddy Comedy', 'Slapstick', 'Comedy']",['US'],,['en'],"['Atlanta International School - 2890 N. Fulton Drive, Buckhead, Georgia, USA']","[{'id': 'co0046718', 'name': 'New Line Cinema'}, {'id': 'co0073858', 'name': 'Burg/Koules Productions'}, {'id': 'co0028247', 'name': 'Avery Pix'}]",19000000.0,39267515.0,['Comedy'],False,85,3.5,43488,19.0
58,tt2574698,https://www.imdb.com/title/tt2574698/,Gunday,Gunday,movie,"The lives of Calcutta's most powerful Gunday, Bikram and Bala, changes when Nandita enters it. Then a counter-force takes charge and a thriller unfolds.",https://m.media-amazon.com/images/M/MV5BMjI2NjEzNjc4NV5BMl5BanBnXkFtZTgwODQxOTc5MDE@._V1_.jpg,https://www.youtube.com/watch?v=lFI09rbuHQ8,Not Rated,2014,,2014-02-14,"['Action', 'Drama', 'Musical', 'Romance']",['IN'],,"['hi', 'bn']","['Kolkata, West Bengal, India']","[{'id': 'co0077190', 'name': 'Yash Raj Films'}]",,11061813.0,"['Action', 'Drama', 'Musical']",False,152,2.7,60732,
59,tt8366590,https://www.imdb.com/title/tt8366590/,Baaghi 3,Baaghi 3,movie,A man embarks on a bloody rampage to save his kidnapped brother.,https://m.media-amazon.com/images/M/MV5BNjY1OWY0NTctOGMwZC00YWIzLWE1NzQtYzM3MzM3YTg1ZTY2XkEyXkFqcGc@._V1_.jpg,,,2020,,2020-03-06,"['One-Person Army Action', 'Action']",['IN'],"['https://www.hotstar.com/gb/movies/baaghi-3/1260025583', 'https://www.hotstar.com/in/movies/baaghi-3/1260025583']",['hi'],,"[{'id': 'co0241299', 'name': 'Fox Star Studios'}, {'id': 'co0183118', 'name': 'Nadiadwala Grandson Entertainment'}]",550000000.0,16726510.0,['Action'],False,143,2.2,14464,
60,tt0110978,https://www.imdb.com/title/tt0110978/,Texas Chainsaw Massacre: The Next Generation,The Return of the Texas Chainsaw Massacre,movie,"A group of teenagers get into a car crash in the Texas woods on prom night, and then wander into an old farmhouse that is home to Leatherface (Robert Jacks) and his insane family of cannibalistic psychopaths.",https://m.media-amazon.com/images/M/MV5BMDI5YTk0MjUtMTZiNy00OTUzLTlkNWYtYjZjNjVhNmY5YjQzXkEyXkFqcGc@._V1_.jpg,https://www.youtube.com/watch?v=jmyDMs3ec5w,R,1994,,1995-09-22,"['Dark Comedy', 'Satire', 'Slasher Horror', 'Comedy', 'Horror', 'Thriller']",['US'],,['en'],"['16493 Cameron Road, Pflugerville, Texas, USA']","[{'id': 'co0063750', 'name': 'Ultra Muchos Productions'}, {'id': 'co0065912', 'name': 'River City Films'}, {'id': 'co0073054', 'name': 'Genre Pictures'}]",600000.0,185898.0,"['Comedy', 'Horror', 'Thriller']",False,87,3.4,27313,50.0
61,tt0795461,https://www.imdb.com/title/tt0795461/,Scary Movie V,Scary Movie 5,movie,"A couple begin to experience some unusual activity after bringing their lost nieces and nephew home. With the help of home-surveillance cameras, they learn they're being stalked by a nefarious demon.",https://m.media-amazon.com/images/M/MV5BMTc5OTIxMjQ4NF5BMl5BanBnXkFtZTcwOTAyNDcyOQ@@._V1_.jpg,https://www.youtube.com/watch?v=UTAxAVeUHog,PG-13,2013,,2013-04-12,"['Parody', 'Comedy', 'Horror']",['US'],['http://scarymoviefive.com/'],"['en', 'es', 'la']","['Atlanta, Georgia, USA']","[{'id': 'co0019626', 'name': 'Dimension Films'}, {'id': 'co0423263', 'name': 'DZE'}, {'id': 'co0031185', 'name': 'Brad Grey Pictures'}]",20000000.0,78378744.0,"['Comedy', 'Horror']",False,86,3.6,79981,11.0
62,tt1572311,https://www.imdb.com/title/tt1572311/,Tees Maar Khan,Tees Maar Khan,movie,"Posing as a movie director, a conman attempts to trick an entire village into helping him rob a treasure-laden train.",https://m.media-amazon.com/images/M/MV5BNTk1NTM5NDYwNl5BMl5BanBnXkFtZTcwMDI2MTYxNA@@._V1_.jpg,https://www.youtube.com/watch?v=PYmpVwrmKT8,Not Rated,2010,,2010-12-24,"['Caper', 'Comedy', 'Crime']",['IN'],"['http://www.teesmaarkhan-thefilm.com/', 'https://en.m.wikipedia.org/wiki/Sheila_Ki_Jawani']",['hi'],['India'],"[{'id': 'co0336221', 'name': 'Hari Om Entertainment Company'}, {'id': 'co0293608', 'name': ""Three's Company Production""}, {'id': 'co0131238', 'name': 'UTV Motion Pictures'}]",4200000.0,13681934.0,"['Comedy', 'Crime']",False,135,2.8,15101,
63,tt0368226,https://www.imdb.com/title/tt0368226/,The Room,The Room,movie,"In San Francisco, an amiable banker's seemingly perfect life is turned upside down when his deceitful bride-to-be embarks on a passionate affair with his best friend.",https://m.media-amazon.com/images/M/MV5BYmNkMThiODYtZTAzMC00ODJkLTg5MmEtMWIyMGFlZDlkYmNlXkEyXkFqcGc@._V1_.jpg,https://www.youtube.com/watch?v=KRAUPqK9Y7I,R,2003,,2003-06-27,"['Tragedy', 'Drama']",['US'],"['https://www.facebook.com/pages/The-Room/57166529496?ref=ts', 'https://www.facebook.com/pages/The-Room-STORE/239099236117369?sk=wall']",['en'],"['Wiseau Studios, Los Angeles, California, USA']","[{'id': 'co0099815', 'name': 'Wiseau-Films'}]",6000000.0,5192088.0,['Drama'],False,99,3.6,97523,9.0
64,tt21106646,https://www.imdb.com/title/tt21106646/,The Next 365 Days,The Next 365 Days,movie,Laura and Massimo's relationship hangs in the balance as they try to overcome trust issues and jealousy while a tenacious Nacho works to push them apart.,https://m.media-amazon.com/images/M/MV5BNTc0MTE1NWItMTZjOC00N2Q2LWFhMTAtNmZiNGZlODE1OWM3XkEyXkFqcGc@._V1_.jpg,https://www.youtube.com/watch?v=iXdw5wYI4cY,TV-MA,2022,,2022-08-19,"['Steamy Romance', 'Drama', 'Romance']",['PL'],['https://www.netflix.com/title/81397579/'],"['pl', 'en', 'es']","['Kazimierz Dolny, Lubelskie, Poland']","[{'id': 'co0759645', 'name': 'Open Mind Production'}, {'id': 'co0726975', 'name': 'Ekipa'}]",,,"['Drama', 'Romance']",False,112,2.9,11508,
65,tt0295427,https://www.imdb.com/title/tt0295427/,The Master of Disguise,The Master of Disguise,movie,An Italian waiter fights off a criminal mastermind with his inherited powers of disguise.,https://m.media-amazon.com/images/M/MV5BMzk4YjI0NmMtOTE1ZC00MDc2LTk4ZDMtZTMxZDIzMDQyZGEzXkEyXkFqcGc@._V1_.jpg,https://www.youtube.com/watch?v=e7sfYC2o3-U,PG,2002,,2002-08-02,"['Slapstick', 'Adventure', 'Comedy', 'Family', 'Fantasy']",['US'],['http://www.sonypictures.com/movies/themasterofdisguise/'],['en'],"['Los Angeles, California, USA']","[{'id': 'co0003580', 'name': 'Revolution Studios'}, {'id': 'co0059609', 'name': 'Happy Madison Productions'}, {'id': 'co0052395', 'name': 'Out of the Blue... Entertainment'}]",16000000.0,43411001.0,"['Adventure', 'Comedy', 'Family']",False,80,3.4,28114,12.0
66,tt0400426,https://www.imdb.com/title/tt0400426/,Far Cry,Far Cry,movie,An ex-special forces soldier turned boatman is hired by a journalist to investigate a top-secret military base on a nearby island.,https://m.media-amazon.com/images/M/MV5BZWQ3NTM5NjMtODFjNS00MWUwLWE0YTItNjVjYTlmZDU0NGU3XkEyXkFqcGc@._V1_.jpg,https://www.youtube.com/watch?v=03ommmlfCNk,R,2008,,2008-10-02,"['Action', 'Adventure', 'Sci-Fi']","['DE', 'CA']",,['en'],"['Deep Cove Marina, North Vancouver, British Columbia, Canada']","[{'id': 'co0021154', 'name': 'Boll Kino Beteiligungs GmbH & Co. KG'}, {'id': 'co0242483', 'name': 'Far Cry Productions'}, {'id': 'co0065717', 'name': 'Brightlight Pictures'}]",30000000.0,783501.0,"['Action', 'Adventure', 'Sci-Fi']",False,95,3.2,15298,
67,tt0462244,https://www.imdb.com/title/tt0462244/,Daddy Day Camp,Daddy Day Camp,movie,"Seeking to offer his son the satisfying summer camp experience that eluded him as a child, the operator of a neighborhood day care center opens his own camp, only to face financial hardship and stiff competition from a rival camp.",https://m.media-amazon.com/images/M/MV5BMTM1NTUyMTExMF5BMl5BanBnXkFtZTcwNzk0MDI1MQ@@._V1_.jpg,https://www.youtube.com/watch?v=fNibbOj7mOk,PG,2007,,2007-08-08,"['Slapstick', 'Comedy', 'Family']",['US'],['http://www.sonypictures.com/movies/daddydaycamp/'],['en'],"['Heber City, Utah, USA']","[{'id': 'co0005883', 'name': 'TriStar Pictures'}, {'id': 'co0003580', 'name': 'Revolution Studios'}, {'id': 'co0022730', 'name': 'Davis Entertainment'}]",6000000.0,18197398.0,"['Comedy', 'Family']",False,93,3.2,18359,13.0
68,tt0065832,https://www.imdb.com/title/tt0065832/,Hercules in New York,Hercules in New York,movie,Hercules comes to Earth where he finds true love and starts a promising career in the wrestling and power lifting business.,https://m.media-amazon.com/images/M/MV5BNzI4MjAxMWYtYTg0ZC00MWEzLTliYzMtMTBiYmM5ZDIzMTRiXkEyXkFqcGc@._V1_.jpg,https://www.youtube.com/watch?v=pvWySqI9uN4,G,1970,,1975-02-20,"['Adventure', 'Comedy', 'Fantasy']",['US'],,['en'],"['Central Park, Manhattan, New York City, New York, USA']","[{'id': 'co0000705', 'name': 'RAF Industries'}]",,,"['Adventure', 'Comedy', 'Fantasy']",False,92,3.3,20086,23.0
69,tt0110857,https://www.imdb.com/title/tt0110857/,Police Academy: Mission to Moscow,Police Academy: Mission to Moscow,movie,The Russian government hires the veterans of the Police Academy (1984) to help deal with the Mafia.,https://m.media-amazon.com/images/M/MV5BODQzNGYyNmUtYjk3NC00MDIwLWEyZDQtMjI0Mzk5YjZmMGQ3XkEyXkFqcGc@._V1_.jpg,https://www.youtube.com/watch?v=DPjBOnC7z1s,PG,1994,,1994-08-26,"['Parody', 'Slapstick', 'Comedy', 'Crime']",['US'],,"['en', 'ru']","['Moscow, Russia']","[{'id': 'co0002663', 'name': 'Warner Bros.'}]",6200000.0,126247.0,"['Comedy', 'Crime']",False,83,3.5,37190,11.0
70,tt0804452,https://www.imdb.com/title/tt0804452/,Bratz,Bratz,movie,"During their first year of high school, four best girlfriends face off against the domineering student body President, who wants to split them up into different social cliques.",https://m.media-amazon.com/images/M/MV5BMTUxNDIwNjQ3OV5BMl5BanBnXkFtZTcwMjMzNjM1MQ@@._V1_.jpg,https://www.youtube.com/watch?v=tOPNt4yvskA,PG,2007,,2007-08-03,"['Teen Comedy', 'Comedy', 'Family', 'Music']",['US'],['http://www.lionsgate.com/bratz'],"['en', 'es']","['Studio City, California, USA']","[{'id': 'co0004724', 'name': 'Crystal Sky Pictures'}, {'id': 'co0124725', 'name': 'MGA Entertainment'}, {'id': 'co0338101', 'name': 'Arad Productions'}]",20000000.0,26013153.0,"['Comedy', 'Family', 'Music']",False,110,3.1,25287,21.0
71,tt0119707,https://www.imdb.com/title/tt0119707/,Mortal Kombat: Annihilation,Mortal Kombat: Annihilation,movie,A group of martial-arts warriors has only six days to save the Earth from an extra-dimensional invasion.,https://m.media-amazon.com/images/M/MV5BZTI4MzkzYmEtNTU1NC00ZDk5LWI4OTktNmRkNWMxN2E1NWNhXkEyXkFqcGc@._V1_.jpg,https://www.youtube.com/watch?v=PvG9HPUPCLg,PG-13,1997,,1997-11-21,"['Dark Fantasy', 'Martial Arts', 'Supernatural Fantasy', 'Action', 'Adventure', 'Fantasy', 'Sci-Fi', 'Thriller']",['US'],['http://www.mortalkombat.com/'],['en'],['Jordan'],"[{'id': 'co0046718', 'name': 'New Line Cinema'}, {'id': 'co0070928', 'name': 'Threshold Entertainment'}]",30000000.0,51376861.0,"['Action', 'Adventure', 'Fantasy']",False,95,3.6,59666,11.0
72,tt0295254,https://www.imdb.com/title/tt0295254/,Feardotcom,Feardotcom,movie,A New York City detective investigates mysterious deaths occurring 48 hours after users log onto a site named feardotcom.,https://m.media-amazon.com/images/M/MV5BMjEyOTkwNzI4OV5BMl5BanBnXkFtZTYwNzk0MDg5._V1_.jpg,https://www.youtube.com/watch?v=gZDIWcAV93k,R,2002,,2002-08-30,"['Crime', 'Horror', 'Thriller']","['GB', 'DE', 'LU', 'US', 'CA']","['http://www.media8ent.com/m8/library.asp?movieID=7', 'http://www.feardotcom.com/']",['en'],"['Dommeldange, Luxembourg']","[{'id': 'co0086487', 'name': 'MDP Worldwide'}, {'id': 'co0063447', 'name': 'ApolloMedia Distribution'}, {'id': 'co0055288', 'name': 'Fear.Com Productions Ltd.'}]",40000000.0,18902015.0,"['Crime', 'Horror', 'Thriller']",False,101,3.4,23297,16.0
73,tt0118539,https://www.imdb.com/title/tt0118539/,3 Ninjas: High Noon at Mega Mountain,3 Ninjas: High Noon at Mega Mountain,movie,The three unstoppable Ninja brothers fight to save their hero (Hulk Hogan) and Mega Mountain Amusement Park from the vicious kid-hating Medusa (Loni Anderson).,https://m.media-amazon.com/images/M/MV5BYjc4N2Y4MDEtYzdiNS00ODk1LTliNDktMDgzZjhkYzE4M2Y2XkEyXkFqcGc@._V1_.jpg,https://www.youtube.com/watch?v=nkOfRFxgIX0,PG,1998,,1998-06-18,"['Action', 'Adventure', 'Comedy', 'Family']",['US'],,['en'],"['Santa Cruz, California, USA']","[{'id': 'co0043775', 'name': 'Leeds/Ben-Ami Productions'}, {'id': 'co0030666', 'name': 'Sheen Productions'}, {'id': 'co0005883', 'name': 'TriStar Pictures'}]",,375805.0,"['Action', 'Adventure', 'Comedy']",False,93,3.0,12684,44.0
74,tt4435072,https://www.imdb.com/title/tt4435072/,Liger,Liger,movie,"A story about martial arts, dreams and star crossed lovers. Liger is an MMA fighter who trains hard and rises up the ranks with one goal in mind, to fight like his idol, world renowned MMA fighter Mark Anderson and get noticed by him.",https://m.media-amazon.com/images/M/MV5BNjBmM2NlMzItZTY1Ny00ZjcxLThmMDAtMmZjNjIzZDIzOWRiXkEyXkFqcGc@._V1_.jpg,,,2022,,2022-08-25,"['Martial Arts', 'Action', 'Drama', 'Romance', 'Sport']","['IN', 'US']",,"['hi', 'te']",,"[{'id': 'co0149562', 'name': 'Bollywood Hollywood Production'}, {'id': 'co0078768', 'name': 'Dharma Productions'}, {'id': 'co0691700', 'name': 'Puri Connects'}]",,4879486.0,"['Action', 'Drama', 'Romance']",False,140,2.6,48186,
75,tt0115624,https://www.imdb.com/title/tt0115624/,Barb Wire,Barb Wire,movie,"During the Second American Civil War in 2017, Barb Wire owns a nightclub called the Hammerhead. Things become complicated when her ex-lover Axel Hood, who is married to the fugitive Corrina Devonshire, re-enters her life.",https://m.media-amazon.com/images/M/MV5BOTVlNGQ5YTEtNzdkZi00MzRkLTk4NGUtMGYyNTkzMjU0MmIyXkEyXkFqcGc@._V1_.jpg,https://www.youtube.com/watch?v=GWKo3pSdGpg,R,1996,,1996-05-03,"['Superhero', 'Action', 'Sci-Fi']",['US'],['http://www.cinopsis.be/barbwire/'],"['en', 'fr', 'de']","['Long Beach, California, USA']","[{'id': 'co0030612', 'name': 'Polygram Filmed Entertainment'}, {'id': 'co0058765', 'name': 'Propaganda Films'}, {'id': 'co0020061', 'name': 'Dark Horse Entertainment'}]",9000000.0,3793614.0,"['Action', 'Sci-Fi']",False,98,3.6,32229,40.0
76,tt0103923,https://www.imdb.com/title/tt0103923/,Captain America,Captain America,movie,"Frozen in the ice for decades, Captain America is freed to battle against archcriminal The Red Skull.",https://m.media-amazon.com/images/M/MV5BZjAwNGM0NWUtNmIwZC00OGEzLWFjZGEtMWE5ZjJjM2ZjZThhXkEyXkFqcGc@._V1_.jpg,https://www.youtube.com/watch?v=cs8rFsmhNTc,PG-13,1990,,1991-07-26,"['Superhero', 'Action', 'Adventure', 'Sci-Fi', 'War']","['US', 'HR']",,['en'],['Croatia'],"[{'id': 'co0050229', 'name': '21st Century Film Corporation'}, {'id': 'co0095134', 'name': 'Marvel Enterprises'}, {'id': 'co0578069', 'name': 'Marvel Entertainment Group'}]",3000000.0,,"['Action', 'Adventure', 'Sci-Fi']",False,97,3.2,15623,
77,tt4667094,https://www.imdb.com/title/tt4667094/,Fifty Shades of Black,Fifty Shades of Black,movie,An inexperienced college student meets a wealthy businessman whose sexual practices put a strain on their relationship.,https://m.media-amazon.com/images/M/MV5BMTQ3MTg3MzY4OV5BMl5BanBnXkFtZTgwNTI4MzM1NzE@._V1_.jpg,https://www.youtube.com/watch?v=m5dM_MPytkU,R,2016,,2016-01-29,"['Parody', 'Slapstick', 'Comedy']","['US', 'GB']",['https://www.facebook.com/FiftyShadesOfBlackMovie'],['en'],"['Los Angeles, California, USA']","[{'id': 'co0784460', 'name': 'Fermion Films'}, {'id': 'co0208137', 'name': 'IM Global'}, {'id': 'co0209925', 'name': 'Ingenious Media'}]",5000000.0,22227514.0,['Comedy'],False,92,3.5,23946,28.0
78,tt1517489,https://www.imdb.com/title/tt1517489/,Spy Kids 4: All the Time in the World,Spy Kids: All the Time in the World,movie,"A retired spy is called back into action, and to bond with her new step-children, she invites them along for the adventure to stop the evil Timekeeper from taking over the world.",https://m.media-amazon.com/images/M/MV5BMjE1NTEwNzM5MV5BMl5BanBnXkFtZTcwNTA5Njc0NQ@@._V1_.jpg,https://www.youtube.com/watch?v=yWWOrCE1MR8,PG,2011,,2011-08-19,"['Action', 'Adventure', 'Comedy', 'Drama', 'Family', 'Fantasy', 'Sci-Fi']",['US'],"['http://www.facebook.com/pages/Spy-Kids-All-the-Time-in-the-World-in-4D/148377055246738', 'http://spykidsmovie.net/']",['en'],"['E Hickory Street, Austin, Texas, USA']","[{'id': 'co0019626', 'name': 'Dimension Films'}, {'id': 'co0035848', 'name': 'Troublemaker Studios'}, {'id': 'co0354354', 'name': 'Spy Kids 4 SPV'}]",27000000.0,85564310.0,"['Action', 'Adventure', 'Comedy']",False,89,3.6,29510,37.0
79,tt0110647,https://www.imdb.com/title/tt0110647/,The NeverEnding Story III,Die unendliche Geschichte III: Rettung aus Phantasien,movie,A young boy must restore order when a group of bullies steal the magical book that acts as a portal between Earth and the imaginary world of Fantasia.,https://m.media-amazon.com/images/M/MV5BOTdmY2EwZTMtYTE5MC00Yzg2LTk5MGItYTdmMmRiZmM0Y2VjXkEyXkFqcGc@._V1_.jpg,https://www.youtube.com/watch?v=hgs5CgnBJFs,G,1994,,1996-02-02,"['Adventure', 'Comedy', 'Family', 'Fantasy']","['DE', 'US']",,['en'],"['Vancouver, British Columbia, Canada']","[{'id': 'co0031121', 'name': 'Cinevox Filmproduktion GmbH'}, {'id': 'co0845741', 'name': 'Bibo TV Studiobetriebs'}, {'id': 'co0059746', 'name': 'Dieter Geissler Filmproduktion'}]",17000000.0,,"['Adventure', 'Comedy', 'Family']",False,95,3.2,12823,
80,tt10481868,https://www.imdb.com/title/tt10481868/,Black Christmas,Black Christmas,movie,A group of female students is stalked by a stranger during their Christmas break. That is until the young sorority pledges discover that the killer is part of an underground college conspiracy.,https://m.media-amazon.com/images/M/MV5BYTRlODA4MGUtYTJhZC00MDA5LWJlNWYtY2YwZDEwZmM3ODRjXkEyXkFqcGc@._V1_.jpg,https://www.youtube.com/watch?v=gF4yRYbo1WE,PG-13,2019,,2019-12-13,"['Conspiracy Thriller', 'Slasher Horror', 'Teen Horror', 'Horror', 'Mystery', 'Thriller']","['US', 'NZ', 'CA']","['http://www.facebook.com/BlackChristmas/', 'https://www.facebook.com/Filmydo']",['en'],"['University of Otago, Dunedin, New Zealand']","[{'id': 'co0005073', 'name': 'Universal Pictures'}, {'id': 'co0098315', 'name': 'Blumhouse Productions'}, {'id': 'co0477903', 'name': 'Divide/Conquer'}]",5000000.0,18529730.0,"['Horror', 'Mystery', 'Thriller']",False,92,3.5,20725,49.0
81,tt0118688,https://www.imdb.com/title/tt0118688/,Batman & Robin,Batman & Robin,movie,Batman and Robin try to keep their relationship together even as they must stop Mr. Freeze and Poison Ivy from freezing Gotham City.,https://m.media-amazon.com/images/M/MV5BYzU3ZjE3M2UtM2E4Ni00MDI5LTkyZGUtOTFkMGIyYjNjZGU3XkEyXkFqcGc@._V1_.jpg,https://www.youtube.com/watch?v=vHoCb78b97A,PG-13,1997,,1997-06-20,"['Superhero', 'Action', 'Sci-Fi']","['US', 'GB']","['https://www.facebook.com/BatmanAndRobinFilm', 'https://www.warnerbros.com/movies/batman-robin']",['en'],"['Warner Brothers Burbank Studios - 4000 Warner Boulevard, Burbank, California, USA']","[{'id': 'co0002663', 'name': 'Warner Bros.'}, {'id': 'co0106129', 'name': 'PolyGram Filmed Entertainment'}]",125000000.0,238259753.0,"['Action', 'Sci-Fi']",False,125,3.8,275122,29.0
82,tt0499487,https://www.imdb.com/title/tt0499487/,Goal! III,Goal III: Taking on the World,movie,"The heroes compete on the greatest stage of all, the FIFA World Cup Finals.",https://m.media-amazon.com/images/M/MV5BNWU5YzRmOTctYTk0My00YWQ1LWEzZWItNzJjNjljYTE2YjQyXkEyXkFqcGc@._V1_.jpg,https://www.youtube.com/watch?v=kHthPPB7_zA,PG-13,2009,,2010-02-03,"['Soccer', 'Drama', 'Romance', 'Sport']","['DE', 'US', 'GB']",,['en'],"['Market Square, Nottingham, Nottinghamshire, England, UK']","[{'id': 'co0184076', 'name': 'Milkshake Films'}, {'id': 'co1099916', 'name': 'Goal 3'}]",10000000.0,7641.0,"['Drama', 'Romance', 'Sport']",False,96,3.2,13363,
83,tt0085750,https://www.imdb.com/title/tt0085750/,Jaws 3-D,Jaws 3-D,movie,A giant thirty-five-foot shark becomes trapped in a SeaWorld theme park and it's up to the sons of police chief Brody to rescue everyone.,https://m.media-amazon.com/images/M/MV5BYmY3YWZiMTAtZGYyYy00ODc3LTk5NjQtY2RhN2QwNzE2ZGI3XkEyXkFqcGc@._V1_.jpg,,PG,1983,,1983-07-22,"['Monster Horror', 'Sea Adventure', 'Adventure', 'Horror', 'Thriller']",['US'],,['en'],"['Universal Owned Property, Orlando, Florida, USA']","[{'id': 'co0005073', 'name': 'Universal Pictures'}, {'id': 'co0128239', 'name': 'Alan Landsburg Productions'}, {'id': 'co0015705', 'name': 'MCA Theatricals'}]",20500000.0,87987055.0,"['Adventure', 'Horror', 'Thriller']",False,99,3.7,50240,27.0
84,tt0372873,https://www.imdb.com/title/tt0372873/,Dragon Wars: D-War,D-War,movie,"Once in 500 years, ancient mythical creatures come to Earth, wreaking havoc and destruction. This time they must be stopped.",https://m.media-amazon.com/images/M/MV5BMTc2OTk1MzUzMl5BMl5BanBnXkFtZTcwNjE0ODI1MQ@@._V1_.jpg,https://www.youtube.com/watch?v=LbF4DtgO_yY,PG-13,2007,,2007-09-14,"['Action', 'Drama', 'Fantasy', 'Thriller']",['KR'],"['http://www.so-net.ne.jp/movie/sonypictures/homevideo/d-wars/', 'http://www.d-war.com/']","['en', 'ko']","['Bronson Caves, Bronson Canyon, Griffith Park - 4730 Crystal Springs Drive, Los Angeles, California, USA']","[{'id': 'co0043365', 'name': 'CJ Entertainment'}, {'id': 'co0099683', 'name': 'Showbox Entertainment'}, {'id': 'co0080800', 'name': 'Younggu-Art Movies'}]",32000000.0,75108817.0,"['Action', 'Drama', 'Fantasy']",False,107,3.5,25668,33.0
85,tt0094074,https://www.imdb.com/title/tt0094074/,Superman IV: The Quest for Peace,Superman IV: The Quest for Peace,movie,"With the world on the brink of a nuclear war, Superman takes it upon himself to destroy all nuclear weapons. However, Lex Luthor creates Nuclear Man, a force strong enough to take down Superman.",https://m.media-amazon.com/images/M/MV5BZjhkODhlYjEtMDEyZS00YjZmLWJjMDctZGI3MGJiNDEyNTE2XkEyXkFqcGc@._V1_.jpg,https://www.youtube.com/watch?v=J3IFSj4ebwU,PG,1987,,1987-07-24,"['Quest', 'Superhero', 'Action', 'Adventure', 'Sci-Fi']","['GB', 'US']",,"['en', 'ru', 'fr', 'it']","['Aldwych Underground Railway Station, Surrey Street, Aldwych, Westminster, Greater London, England, UK']","[{'id': 'co0080240', 'name': 'Cannon Films'}, {'id': 'co0002663', 'name': 'Warner Bros.'}, {'id': 'co0206391', 'name': 'Golan-Globus Productions'}]",17000000.0,30281020.0,"['Action', 'Adventure', 'Sci-Fi']",False,90,3.7,55110,24.0
86,tt0095560,https://www.imdb.com/title/tt0095560/,Mac and Me,Mac and Me,movie,An alien trying to escape from NASA is befriended by a wheelchair-bound boy.,https://m.media-amazon.com/images/M/MV5BMGU3YjE1ZGYtYmY5NC00OTU5LTk1NjktODk1OThlYjZlYzRiXkEyXkFqcGc@._V1_.jpg,https://www.youtube.com/watch?v=2xGVQBJ2MmM,PG,1988,,1988-08-12,"['Space Sci-Fi', 'Adventure', 'Comedy', 'Family', 'Sci-Fi']",['US'],['https://www.youtube.com/watch?v=M2Uakga-IH8&feature=youtu.be'],['en'],"['17030 Green Drive, City of Industry, California, USA']","[{'id': 'co0060852', 'name': 'Mac and Me Joint Venture'}]",13000000.0,6424112.0,"['Adventure', 'Comedy', 'Family']",False,99,3.4,15102,26.0
87,tt0190374,https://www.imdb.com/title/tt0190374/,Dungeons & Dragons,Dungeons & Dragons,movie,"Profion, a tyrant, attempts to overthrow a peaceful kingdom ruled by a tough empress.",https://m.media-amazon.com/images/M/MV5BMTUxMDc3OTQyOV5BMl5BanBnXkFtZTYwMzk5OTc3._V1_.jpg,https://www.youtube.com/watch?v=BBA3BrDJnM0,PG-13,2000,,2000-12-08,"['Action', 'Adventure', 'Fantasy']","['US', 'CZ', 'CA']",['http://www.wizards.com/dnd/Movie.asp'],['en'],"['Kutná Hora, Stredoceský, Czech Republic']","[{'id': 'co0046718', 'name': 'New Line Cinema'}, {'id': 'co0064989', 'name': 'Sweetpea Entertainment'}, {'id': 'co0019968', 'name': 'Silver Pictures'}]",45000000.0,33978694.0,"['Action', 'Adventure', 'Fantasy']",False,107,3.7,37123,14.0
88,tt1411664,https://www.imdb.com/title/tt1411664/,Bucky Larson: Born to Be a Star,Bucky Larson: Born to Be a Star,movie,"A kid from the Midwest moves out to Hollywood in order to follow in his parents footsteps, and become a porn star.",https://m.media-amazon.com/images/M/MV5BMjIzMjY4MTk2M15BMl5BanBnXkFtZTcwNzQ3ODg3NQ@@._V1_.jpg,https://www.youtube.com/watch?v=cRT93a8xE5s,R,2011,,2011-09-09,"['Raunchy Comedy', 'Comedy']",['US'],['http://www.BuckyLarson.com/'],['en'],"['Hollywood, Los Angeles, California, USA']","[{'id': 'co0050868', 'name': 'Columbia Pictures'}, {'id': 'co0059609', 'name': 'Happy Madison Productions'}, {'id': 'co0268458', 'name': 'Miles Deep Producitons'}]",10000000.0,2530394.0,['Comedy'],False,97,3.3,13203,9.0
89,tt0432291,https://www.imdb.com/title/tt0432291/,The Fog,The Fog,movie,"A thick mist full of vengeful spirits haunts a prosperous island town off the coast of Oregon, as its inhabitants try to learn their town's dark secret in order to stop it.",https://m.media-amazon.com/images/M/MV5BOWEzMjFiMWYtOTBhNy00NmRiLWI4ZWEtMDcyNTgzOWI1ZTUwXkEyXkFqcGc@._V1_.jpg,https://www.youtube.com/watch?v=ovNTb39_viI,PG-13,2005,,2005-10-14,"['Supernatural Horror', 'Horror', 'Mystery']","['US', 'CA']",['http://www.sonypictures.com/movies/thefog/'],['en'],"['Bowen Island, British Columbia, Canada']","[{'id': 'co0003580', 'name': 'Revolution Studios'}, {'id': 'co0073430', 'name': 'Debra Hill Productions'}, {'id': 'co0051510', 'name': 'David Foster Productions'}]",18000000.0,46201432.0,"['Horror', 'Mystery']",False,100,3.7,40234,27.0
90,tt0450345,https://www.imdb.com/title/tt0450345/,The Wicker Man,The Wicker Man,movie,"A sheriff investigating the disappearance of a young girl from a small island discovers there's a larger mystery to solve among the island's secretive, neo-pagan community.",https://m.media-amazon.com/images/M/MV5BOWM1MjYzM2MtY2RmNS00OGUxLTlkNGItZjM3YjdmMTk1YjQ4XkEyXkFqcGc@._V1_.jpg,https://www.youtube.com/watch?v=r86OlE7rlFc,PG-13,2006,,2006-09-01,"['Folk Horror', 'Horror', 'Mystery', 'Thriller']","['US', 'MX', 'CA', 'DE', 'GB']",['http://thewickermanmovie.warnerbros.com/'],['en'],"['Saturna Island, British Columbia, Canada']","[{'id': 'co0002663', 'name': 'Warner Bros.'}, {'id': 'co0054452', 'name': 'Alcon Entertainment'}, {'id': 'co0002572', 'name': 'Millennium Films'}]",40000000.0,38806015.0,"['Horror', 'Mystery', 'Thriller']",False,102,3.8,73205,36.0
91,tt0897361,https://www.imdb.com/title/tt0897361/,I Know Who Killed Me,I Know Who Killed Me,movie,"A young woman who was missing reappears, but she claims to be someone else entirely.",https://m.media-amazon.com/images/M/MV5BNGFlOTlmZTAtMzlmMy00NTNkLWJkNTYtMzgxZjA0MDFmY2FmXkEyXkFqcGc@._V1_.jpg,https://www.youtube.com/watch?v=KSZ98kUVQFo,R,2007,,2007-07-27,"['Horror', 'Mystery', 'Thriller']",['US'],['http://www.sonypictures.com/movies/iknowwhokilledme/'],['en'],"['Fremont Theater - 1025 Monterey Street, San Luis Obispo, California, USA']","[{'id': 'co0157610', 'name': '360 Pictures'}]",12000000.0,9669758.0,"['Horror', 'Mystery', 'Thriller']",False,105,3.6,31502,16.0
92,tt1714203,https://www.imdb.com/title/tt1714203/,Piranha 3DD,Piranha 3DD,movie,"After the events at Lake Victoria, the pre-historic school of blood-thirsty piranhas make their way into a newly opened waterpark.",https://m.media-amazon.com/images/M/MV5BMjAzMzY4NTk0M15BMl5BanBnXkFtZTcwMDA4ODU3Nw@@._V1_.jpg,https://www.youtube.com/watch?v=emSMr6Xoqog,R,2012,,2012-05-11,"['Comedy', 'Horror', 'Sci-Fi', 'Thriller']",['US'],['http://www.facebook.com/piranha3dd'],"['en', 'es']","['Wilmington, North Carolina, USA']","[{'id': 'co0019626', 'name': 'Dimension Films'}, {'id': 'co0192211', 'name': 'Mark Canton Productions'}, {'id': 'co0060840', 'name': 'Intellectual Properties Worldwide (I)'}]",5000000.0,8518634.0,"['Comedy', 'Horror', 'Sci-Fi']",False,83,3.8,46669,24.0
93,tt3138104,https://www.imdb.com/title/tt3138104/,The Hungover Games,The Hungover Games,movie,"A spoof on The Hangover (2009), The Hunger Games (2012) and other movies, TV series etc. 4 men, with hangovers after a bachelor party, find themselves in a future, dystopian, kill or be killed game.",https://m.media-amazon.com/images/M/MV5BMTk0NjM3MDk3NV5BMl5BanBnXkFtZTgwNTEzNTY3MDE@._V1_.jpg,https://www.youtube.com/watch?v=_Qcf8TVX2zo,R,2014,,2014-02-18,"['Dystopian Sci-Fi', 'Parody', 'Adventure', 'Comedy', 'Fantasy', 'Sci-Fi']",['US'],['https://www.facebook.com/hungovergames'],['en'],"['Los Angeles, California, USA']","[{'id': 'co0337022', 'name': 'Sense and Sensibility Ventures'}, {'id': 'co0093834', 'name': 'Silver Nitrate'}]",,,"['Adventure', 'Comedy', 'Fantasy']",False,85,3.5,17533,
94,tt0120185,https://www.imdb.com/title/tt0120185/,Spice World,Spice World,movie,World-famous pop group the Spice Girls zip around London in their luxurious double-decker tour bus having various adventures and performing for their fans.,https://m.media-amazon.com/images/M/MV5BZTllNGQ2MDktNWVmZC00OGU3LTk0NjctODcxMDFiYmIwYmU2XkEyXkFqcGc@._V1_.jpg,https://www.youtube.com/watch?v=XbG8d7CM0IQ,PG,1997,,1998-01-23,"['Satire', 'Comedy', 'Family', 'Music']",['GB'],,['en'],"['Burnham Beeches, Buckinghamshire, England, UK']","[{'id': 'co0018857', 'name': 'Fragile Films'}, {'id': 'co0000700', 'name': 'Icon Entertainment International'}, {'id': 'co0030612', 'name': 'Polygram Filmed Entertainment'}]",25000000.0,29353898.0,"['Comedy', 'Family', 'Music']",False,93,3.7,38594,34.0
95,tt7059844,https://www.imdb.com/title/tt7059844/,Dabangg 3,Dabangg 3,movie,"More beefed-up, worked up and dangerous than ever, Chulbul Pandey, now the tough-as-nails police superintendent of Tundla city in Uttar Pradesh, finds himself juggling career and family after bringing down unscrupulous Baccha Singh's empire in Dabangg 2 (2012). However, as the past comes back to haunt him in the shape of the wicked old nemesis, Bali Singh, betrayal places Pandey's family in harm's way, triggering a new era of intense violence. But this time, it is personal, and as the suffocating stranglehold of the law tightens around Bali, no sinner is safe. His name is Chulbul Pandey, the fearless. Can the undaunted police officer uproot evil once and for all?",https://m.media-amazon.com/images/M/MV5BNGRkZjQzNzctNTZjYi00YzgwLWE3NjctMmQ2OTE0OGJmNTk0XkEyXkFqcGc@._V1_.jpg,,,2019,,2019-12-20,"['One-Person Army Action', 'Action', 'Drama']",['IN'],['https://en.wikipedia.org/wiki/Dabangg_3#Cast'],['hi'],,"[{'id': 'co0300449', 'name': 'Arbaaz Khan Productions'}, {'id': 'co0763799', 'name': 'Saffron Broadcast & Media'}, {'id': 'co0541353', 'name': 'Salman Khan Films'}]",100000000.0,14784628.0,"['Action', 'Comedy', 'Crime']",False,160,3.0,20878,
96,tt0811138,https://www.imdb.com/title/tt0811138/,The Love Guru,The Love Guru,movie,"Pitka, an American raised outside of his country by gurus, returns to the States in order to break into the self-help business. His first challenge is to settle the romantic troubles and subsequent professional skid of a star hockey player whose wife left him for a rival athlete.",https://m.media-amazon.com/images/M/MV5BMTg3OTY1MTQ3MF5BMl5BanBnXkFtZTcwMDIzMTM3MQ@@._V1_.jpg,https://www.youtube.com/watch?v=0KUA1d8-6eg,PG-13,2008,,2008-06-20,"['Slapstick', 'Comedy', 'Romance', 'Sport']","['GB', 'DE', 'US']",['https://mt2.org/uyeler/the-love-guru.8585/'],['en'],"['Niagara Falls, Ontario, Canada']","[{'id': 'co0023400', 'name': 'Paramount Pictures'}, {'id': 'co0245613', 'name': 'Goldcrest Pictures'}, {'id': 'co0255996', 'name': 'Internationale Filmproduktion Poseidon'}]",62000000.0,40877556.0,"['Comedy', 'Romance', 'Sport']",False,87,3.8,55968,24.0
97,tt0460780,https://www.imdb.com/title/tt0460780/,In the Name of the King: A Dungeon Siege Tale,In the Name of the King: A Dungeon Siege Tale,movie,"A man named Farmer sets out to rescue his kidnapped wife and avenge the death of his son, two acts committed by the Krugs, a race of animal-warriors who are controlled by the evil Gallian.",https://m.media-amazon.com/images/M/MV5BMTQ4ODI0ODA1Ml5BMl5BanBnXkFtZTcwNzMzMjU1MQ@@._V1_.jpg,https://www.youtube.com/watch?v=OpCgaYWYkgs,PG-13,2007,,2008-01-11,"['Action', 'Adventure', 'Fantasy', 'Thriller', 'War']","['DE', 'CA', 'US']",['https://www.vidio.com/premier/202/in-the-name-of-the-king-a-dungeon-siege-tale'],['en'],"['Chilliwack, British Columbia, Canada']","[{'id': 'co0021154', 'name': 'Boll Kino Beteiligungs GmbH & Co. KG'}, {'id': 'co0137814', 'name': 'Herold Productions'}, {'id': 'co0065717', 'name': 'Brightlight Pictures'}]",60000000.0,13097915.0,"['Action', 'Adventure', 'Fantasy']",False,127,3.8,52035,15.0
98,tt0424774,https://www.imdb.com/title/tt0424774/,The Adventures of Sharkboy and Lavagirl 3-D,The Adventures of Sharkboy and Lavagirl 3-D,movie,A young boy is recruited by his imaginary friends Sharkboy and Lavagirl to help save their planet.,https://m.media-amazon.com/images/M/MV5BYmI2YWNjNGMtZDgxMi00NmNhLThlYmEtYWQ5ZTNiMmFmZjQ3XkEyXkFqcGc@._V1_.jpg,https://www.youtube.com/watch?v=mJP65NQwII8,PG,2005,,2005-06-10,"['Superhero', 'Teen Fantasy', 'Action', 'Adventure', 'Comedy', 'Family', 'Fantasy', 'Sci-Fi']",['US'],"['http://www.facebook.com/TheAdventuresOfSharkboyAndLavagirl?fref=ts', 'http://www.miramax.com/movie/the-adventures-of-sharkboy-and-lavagirl']",['en'],"['Austin, Texas, USA']","[{'id': 'co0019626', 'name': 'Dimension Films'}, {'id': 'co0050868', 'name': 'Columbia Pictures'}, {'id': 'co0035848', 'name': 'Troublemaker Studios'}]",50000000.0,71992655.0,"['Action', 'Adventure', 'Comedy']",False,93,3.8,44426,38.0
99,tt1530509,https://www.imdb.com/title/tt1530509/,The Human Centipede 2 (Full Sequence),The Human Centipede II (Full Sequence),movie,"Inspired by the fictional Dr. Heiter, disturbed loner Martin dreams of creating a 12-person centipede and sets out to realize his sick fantasy.",https://m.media-amazon.com/images/M/MV5BMjkwMDI0NjA5OV5BMl5BanBnXkFtZTcwODAxODI4Ng@@._V1_.jpg,https://www.youtube.com/watch?v=_Fd012VQ3TQ,Not Rated,2011,,,"['Body Horror', 'Splatter Horror', 'Horror']","['US', 'NL']",,['en'],"['London, England, UK']","[{'id': 'co0121028', 'name': 'Six Entertainment'}]",,170323.0,['Horror'],False,91,3.8,45362,17.0
